tier,priority,name,area,owner,phone,whatsapp,email,website,verified,confidence,services,call_note_and_strategy,email_ready,mobile,source,sources,owner_mobile_direct,owner_email_found,owner_background,how_to_reach
1,15,Medchal Diagnostic Center,"Medchal (Sai Leela Complex, opp. Medchal Police Station, NH-44, 501401)",K Hanumanthaiah (contact person per Sulekha),9848278370,,akashkatta81@gmail.com,,Yes,high,"Multi-slice CT scan, ultrasound with colour Doppler, digital X-ray, ECG, medical laboratory","CONFIRMED. Independent CT/USG + lab in Medchal town, opposite the police station. MediBuddy lists the full number 9848278370 (services: CT/USG/X-ray/ECG/pathology) and Sulekha independently shows contact person K Hanumanthaiah + email akashkatta81@gmail.com with the number masked as 98*******0 (matches). No website found, so likely lacks integrated software - strong greenfield fit for scan+lab reporting + billing. Reachable by both phone and email.",Y,Y,verified,https://www.medibuddy.in/lab-centers/diagnostics/medchal/profile/355-medchal-diagnostics-centre | https://www.sulekha.com/medchal-diagnostic-center-medchal-hyderabad-contact-address | https://www.diagnosticcentres.in/diagnostic-centres/telangana/hyderabad/medchal,9848278370,,,Listed mobile likely = owner's own line (owner-run) - call & ask for K Hanumanthaiah.
1,14,Vivid Imaging & Diagnostic Centre,Chandanagar (Gangaram),"Dr. Bommireddy Swetha (MD Radiodiagnosis, Director of Radiology Services) & Dr. Janardhana Reddy V (Paediatrician/Intensivist)","+91 90148 68655, +91 93909 64532",+91 90148 68655,info@vividdiagnostics.in,https://vividdiagnostics.in,Yes,high,"MRI, CT, USG, Digital X-ray, Pathology lab (500+ tests), 2D-Echo, ECG, EEG, ENMG/NCV, health screening & checkup packages; single centre, open 24/7","Independent full-modality single centre at 4-102, behind Anu Furniture, Muthoot Finance road, Gangaram, Chanda Nagar 500050. Own site + email + WhatsApp, so tech-forward but juggling reports across MRI/CT/USG/path plus manual home-collection logs. Lead with one unified worklist + tokenized WhatsApp report delivery + consolidated billing. Directors are practising clinicians - pitch to them directly.",Y,Y,verified,https://vividdiagnostics.in/ | https://www.mediyaar.com/hyderabad/labs/tesla-diagnostic-centre-chanda-nagar.html | https://vividdiagnostics.in/services/,9014868655,,,Listed mobile likely = owner's own line (owner-run) - call & ask for Dr. Bommireddy Swetha.
1,14,Fatimah Diagnostics,Chandrayangutta (borders Falaknuma),"Asif Ali (contact person, per Sulekha)",9848707083 / 9393707083,,,,Yes,high,"X-ray + pathology / diagnostics; Door No 18-2-45/11/A, behind Alishan Hotel, Chandrayangutta (pin 500005); open 7:30am-9:30pm, 7 days.","Independent imaging + labs with long daily hours; two mobiles confirmed. No website = pitch combined imaging + path report software with WhatsApp delivery. Numbers are mobiles, so WhatsApp report delivery is a natural hook.",,Y,verified,https://www.healthfrog.in/laboratory/fatimah-diagnostics-hyderabad-telangana-29@fys241.html | https://www.sulekha.com/fatimah-diagnostics-chandrayangutta-hyderabad-contact-address | https://www.justdial.com/Hyderabad/Fatimah-Diagnostics-XROAD-Chandrayan-Gutta/040PXX40-XX40-190927163517-N8H3_BZDET,9848707083,,,Listed mobile likely = owner's own line (owner-run) - call & ask for Asif Ali.
1,14,Sai Disha Diagnostics,"MIG 249, Road No. 4, KPHB Phase I, Kukatpally - 500072","Dr. Bhasker Rao Gottumukula (radiologist, founder)",+91 8309325893 / +91 7981369957 (official site); landline 040 2305 5223,,contact@saidishadiagnostics.com,https://saidishadiagnostics.com,Yes,high,"Radiologist-run imaging + path: Ultrasound (routine, pregnancy/TIFFA, fetal 2D-echo, Doppler, 3D/4D), Digital X-ray + dental imaging (OPG, Cephalogram, CBCT), HSG, blood/urine lab tests, health-checkup packages","REVISED PITCH: the lead's premise (landline-era lab, no website, manual registers) is wrong - they already run a modern website (saidishadiagnostics.com) with an email and a radiologist owner, and offer full imaging, not just blood tests. Angle should be an integrated reports portal / WhatsApp delivery / LIMS-billing upgrade over their existing web presence, positioned as one of the 'oldest diagnostic centres in KPHB'.",Y,Y,verified,https://saidishadiagnostics.com/ | https://www.mediyaar.com/hyderabad/labs/sai-disha-diagnostics-kukatpally.html | https://www.healthcareontime.com/diagnostic-centres/telangana/hyderabad/sai-disha-diagnostics-kukatpally/ | https://www.bharatibiz.com/en/sai-disha-diagnostics_1t-040-2305-5223,8309325893,,,Listed mobile likely = owner's own line (owner-run) - call & ask for Dr. Bhasker Rao Gottumukula.
1,14,Sri Kakatiya Diagnostics,Narayanaguda,Srinivas,"040 2326 2344, 040 6668 2771, 9848670618",,,,Yes,high,Diagnostics / pathology + health checkup packages; imaging (MRI/CT/USG/X-ray) via partner labs,"Verified: 1st Floor, Panchavati Mall, Narayanguda-Barkatpura, Hyderguda 500029. Independent mall-based centre (books some tests through Thyrocare/Aarthi/Redcliffe as partner labs, but is NOT a chain branch). Landline + mobile confirmed on source. No own website found - pitch integrated billing + reporting for path & imaging.",,Y,verified,https://www.diagnosticcentres.in/diagnostic-centres/telangana/hyderabad/sri-kakatiya-diagnostics.html | https://www.sulekha.com/sri-kakatiya-diagnostic-centre-narayanaguda-hyderabad-contact-address,9848670618,,,Listed mobile likely = owner's own line (owner-run) - call & ask for Srinivas.
1,13,Rushika Scans and Diagnostics,"Habsiguda (H.No.4-7-83/2/SRC/201&202, Sri Rajya Lakshmi Complex, opp Metro pillar C977, beside Just For U, 500007)","Dr. B. Madhavi Poola (MBBS, DNB Radiology, 15+ yrs; FMF-UK certified NT/pre-eclampsia/Doppler, ISUOG member, IOTA & fetal-echo certified) - owner/consultant radiologist",+91 8096977789,+91 8096977789,rushikascans@gmail.com,https://www.rushikascans.com/,Yes,high,"Obstetric ultrasound (early pregnancy, NT, TIFFA/anomaly, growth, antenatal Doppler), fetal echo, 3D/4D scans, pelvic/TVS/breast/abdominal/KUB USG, colour Doppler, MRI/CT/X-ray, pathology lab, health checkups","Confirmed on own site AND independent directories - all contact details match. Single-radiologist, obstetric-heavy scan centre in Habsiguda; runs SEO landing pages for LB Nagar/Uppal/Tarnaka/Secunderabad but appears to be one physical location. Already has a website, so pitch scan-report templating + WhatsApp report delivery to cut front-desk load, NOT a website. Strongest lead.",Y,Y,verified,https://www.rushikascans.com/ | https://rushikascans.com/doctor.php | https://www.diagnosticcentres.in/diagnostic-centres/telangana/hyderabad/habsiguda,8096977789,,,Listed mobile likely = owner's own line (owner-run) - call & ask for Dr. B. Madhavi Poola.
1,13,Aruna Scan & Diagnostics (Pvt Ltd),KPHB / Kukatpally,"Dr. P. Praveen Reddy (MBBS, MDRD Radiology) - Founder & Chairman",9392166204,,info@arunadiagnostics.com,https://www.arunadiagnostics.com,Yes,high,"Full in-house imaging + pathology: 3T in-bore MRI, 16-slice CT, high-end Ultrasound, Color Doppler, 2D-Echo, Digital X-ray, Mammography, OPG, ECG, EEG, TMT, PFT, BMD, CBCT/cephalogram; clinical biochemistry/haematology/immunology/serology/histopath/micro; health packages (master/executive/cardiac/cancer/diabetic); home sample collection","CORRECTION to lead: NOT a single centre. Official site lists a 3-branch local Hyderabad group - Kukatpally (this lead, 9392166204), A S Rao Nagar (7569221726), Ameerpet (7331168099). Founder-radiologist owned, runs full radiology in-house incl 3T MRI + 16-slice CT. That multi-branch reality makes it an even stronger fit for a centralized LIS+RIS + tokenized report-delivery pitch. Reachable directly via own site.",Y,Y,verified,https://www.arunadiagnostics.com/ | https://www.arunadiagnostics.com/contact-us/ | https://www.arunadiagnostics.com/diagnostic-center-kukatpally/ | https://www.justdial.com/Hyderabad/Aruna-Scan-Diagnostics-Near-Remedy-Hospital-Housing-Board-Colony-Kukatpally/040PXX40-XX40-201118184827-B3U5_BZDET,9392166204,,,Listed mobile likely = owner's own line (owner-run) - call & ask for Dr. P. Praveen Reddy.
1,13,Sudha Diagnostics & Imaging,"Kompally (First Floor, Plot 2 & 3, Survey No.24, Above Union Bank, Petbasheerabad), 500014/500055","Dr. Sudha Rani Mutyala (designated partner) and Ganga Reddy Mutyala - Sudha Medical Diagnostics & Imaging LLP (incorporated 18 Jan 2021, per ZaubaCorp)",040-67669999,919217002598,,,Yes,high,"Imaging + pathology; lifestyle/health packages (diabetic, anemia, bone, renal, cardiac profiles)","Fully verified. Phone +91 40 67669999 and WhatsApp 919217002598 both confirmed on the magicpin listing and address matches. Owner-run LLP (Dr Sudha Rani Mutyala) confirmed via ZaubaCorp - independent, not a chain. Active on Facebook & Instagram (@sudhadiagnosticsandimaging) and has NO website = strong, receptive SaaS target: pitch online reports + WhatsApp delivery + patient portal to Dr Sudha Rani directly.",,Y,verified,https://magicpin.in/Hyderabad/Kompally/Restaurant/Sudha-Diagnostics-and-Imaging/store/c736c8?amp=1 | https://www.zaubacorp.com/company/SUDHA-MEDICAL-DIAGNOSTICS-IMAGING-LLP/AAV-4888 | https://www.justdial.com/Rangareddy/Sudha-Diagnostic-Above-The-Unoin-Bank-Kompally/040PXX40-XX40-211006181215-L7R8_BZDET | https://www.facebook.com/sudhadiagnosticsandimaging/ | https://www.instagram.com/sudhadiagnosticsandimaging/,9217002598,,,Listed mobile likely = owner's own line (owner-run) - call & ask for Dr. Sudha Rani Mutyala.
1,13,Medline Diagnostic Labs,"Kothapet / Nagole (Road No.13, Snehapuri Colony, RK Puram, 500035)",Dr. Ganji Venu (Founder & MD),+91 98498 60088,,medlinelabs2014@gmail.com,https://www.medlinediagnosticlabs.com/,Yes,high,"NABL-accredited (also CAP/ISO 15189) independent lab: clinical biochemistry, hematology, histopathology, microbiology, molecular biology, cytology, cytogenetics, immunophenotyping/flow cytometry, wellness & disease-profile checkups","Strongest lead - all key facts confirmed on the lab's OWN website: single-branch owner-run NABL lab, named MD Dr. Ganji Venu, public phone and email all match the scraped values. Runs high-complexity reference-lab menu (molecular/cytogenetics), likely on manual/spreadsheet workflows. Pitch LIS + WhatsApp report delivery to Dr Ganji Venu directly.",Y,Y,verified,https://www.medlinediagnosticlabs.com/ | https://www.diagnosticcentres.in/diagnostic-centres/telangana/hyderabad/medline-diagnostic-labs-kothapet-.html | https://www.healthcareontime.com/diagnostic-centres/telangana/hyderabad/medline-diagnostic-labs-kothapet/,9849860088,,,Listed mobile likely = owner's own line (owner-run) - call & ask for Dr. Ganji Venu.
1,13,Umed Diagnostics,"Miyapur (Plot 62, RK Plaza, Matrusri Nagar, Miyapur Cross Road, 500049)",Reddy Renuka Bommi (matches 'renuka@' email; director of Umed Hospitals Pvt Ltd); co-director Udumula Venkateswarlu; Syed Fahad listed as Director of Lab Operations,"8106399958, 7032979499",,renuka@umeddiagnostics.com,https://www.umeddiagnostics.in,Yes,high,"Full-service: pathology (biochem, micro, haematology, histo/cyto, molecular) PLUS imaging - CT scan, ultrasound, X-ray","BEST-VERIFIED lead. Both numbers confirmed (8106399958 on diagnosticcentres.in, 7032979499 on Justdial/website). Email renuka@umeddiagnostics.com confirmed on diagnosticcentres.in - NOTE the email is .com while the site is .in, and staff use @umeddiagnostics.in addresses; use with care. Own single-centre company (UMED Hospitals Pvt Ltd), independent, 4.4-star/292 reviews. Has website + LinkedIn + Facebook + departments pages -> digitally active, larger imaging+path centre = strong LIMS/PACS/patient-report-portal prospect.",Y,Y,verified,https://www.diagnosticcentres.in/diagnostic-centres/telangana/hyderabad/umed-diagnostics-.html | https://www.umeddiagnostics.in/ | https://www.justdial.com/Hyderabad/Umed-Diagnostics-Miyapur/040PXX40-XX40-200906195953-E6B9_BZDET | https://in.linkedin.com/company/umed-diagnostics | https://www.trustindex.io/reviews/umeddiagnostics.in | https://www.healthians.com/scan/hyderabad/usg-nt-scan/umed-diagnostics-miyapur,8106399958,,,Listed mobile likely = owner's own line (owner-run) - call & ask for Reddy Renuka Bommi.
1,13,Hardhik's Gastro Liver Clinic & Scan Center,"Nacharam (111A, Nacharam-Mallapur Rd, MBD Complex, Bapuji Nagar, HMT Colony, 500076)","Dr. N. Ravisankar Reddy (senior gastroenterologist/hepatologist) & Dr. Silpa Reddy (radiologist) - founders, established 2018","+91 9848407907, 040 4857 3044, +91 6305939545",+91 9848407907,drnravisankar@yahoo.com,http://www.ravisankargastro.com/,Yes,high,"Ultrasound (pregnancy, abdominal, urology), Doppler studies, radiology; plus endoscopy, colonoscopy, EUS, ERCP, enteroscopy, liver biopsy (gastro clinic)","Confirmed on own site + Lybrate/Facebook/HexaHealth. Independent doctor-owned gastro clinic with attached scan centre (not a hospital chain). Already has a website AND an online-consultation portal (online.ravisankargastro.com), so partly digital; pitch integrated scan-report + patient-record software tied to their endoscopy/scan workflow rather than a basic site.",Y,Y,verified,http://www.ravisankargastro.com/ | https://www.lybrate.com/hyderabad/clinic/babuji-maternity-hospital-nacharam-3 | https://www.facebook.com/Hardhikgastro/,9848407907,,,Listed mobile likely = owner's own line (owner-run) - call & ask for Dr. N. Ravisankar Reddy.
1,13,My Labs India (My Labs Speciality Diagnostics),"Peerzadiguda / Boduppal (#3-78/79/80, Mallikarjuna Nagar, opp Uppal Bus Depot, Warangal Highway, 500039)","Praveen Kumar Airva (Executive Director) — biotech/clinical-genetics background, ~2 decades in labs","+91 79932 78472, +91 79932 78373, 9121865734",,mylabscustomercare@gmail.com,https://mylabsdiagnostics.com/,Yes,high,"Pathology, bio-chemistry, hematology, microbiology, immunology/serology, bacteriology, radiology, cardiology; home collection","CONFIRMED on its own website (both mylabsdiagnostics.com and mylabsindia.in are the same official site) plus diagnosticcentres.in. Independent, owner-run multi-department central lab (path + radiology + cardiology) at Uppal Depot edge, single processing centre. It ALREADY has a WordPress/WooCommerce-style site with online product/test catalogue and a login portal — so pitch a proper LIS/report+billing system to replace the DIY WooCommerce setup, and unified WhatsApp report delivery, not a first website. Owner name verified.",Y,Y,verified,https://mylabsdiagnostics.com/ | https://mylabsindia.in/about-us/ | https://www.diagnosticcentres.in/diagnostic-centres/telangana/hyderabad/my-labs-a-unit-of-my-labs-india-medical-services-pvt-ltd.html,7993278472,,,Listed mobile likely = owner's own line (owner-run) - call & ask for Praveen Kumar Airva.
1,13,Doctors Diagnostic Centre,Santoshnagar,Srinivas Naidu,040 6508 6159 / 040 2453 2496,,mdvr103@gmail.com,,Yes,high,"Pathology lab + scanning / clinical lab at 17-1-380/E/37, near I A Sadan X Road, opp Sri Srinivasa Hospital Main Road, Santosh Nagar 500059.",Exists and independent (distinct from the Vijaya Diagnostic chain branch that is also in Santosh Nagar). Both landlines and the address confirmed across directories (a third line 040 2453 2495 also appears). Long-running clinic-adjacent lab; pitch consolidated billing + report delivery across path and scans. No website found = candidate for software.,Y,,verified,https://www.bharatibiz.com/en/doctors-diagnostic-centre_142-040-6508-6159 | https://www.healthcareontime.com/diagnostic-centres/telangana/hyderabad/doctors-diagnostic-centre-opposite-sri-srinivasa-hospital-main-road/ | https://www.sulekha.com/doctors-diagnostic-centre-santosh-nagar-hyderabad-contact-address,,mdvr103@gmail.com,"Santosh Nagar Main Road. Blood tests, ultrasound, X-ray, CT. Mon-Sat 11AM-10PM. Owner email confirmed via Sulekha.","Email mdvr103@gmail.com directly (personal Gmail linked to owner, not reception alias). Alt: call 040 6508 6159 at 8-9AM, ask for Srinivas Naidu."
1,12,Myhealth Diagnostics,"5-4, Balanagar Main Rd, opp Blue Motors, beside DTDC, Sanjeevaiah Colony, Balanagar 500042","Dr. Mohammed Shabbir Ali (GP, 12 yrs exp)",9217002598,9217002598,,,Yes,medium,Diagnostics / pathology (some listings also cite X-ray/USG but unverified for this exact centre),"Phone 9217002598 confirmed on magicpin (shown as 919217002598) and the SAME number is its WhatsApp 'Enquire now' contact - so whatsapp filled = 9217002598. Independent local lab: the myhealthdiagnostics.com site is an unrelated Atlanta USA company, so this centre has NO own website - WhatsApp-first, software-light: lead with branded report delivery + billing. Sits in the Sobhana Colony/Balanagar pocket (near our own Sobhana turf) but is a distinct business. Could not verify the claimed 4.8 rating, so dropped it. Confidence medium: contact from a single moderate source (magicpin also mis-tags it as 'Restaurant').",,Y,verified,https://magicpin.in/Hyderabad/Balanagar/Restaurant/Myhealth-Diagnostics/store/1604322/ | https://www.justdial.com/Hyderabad/Myhealth-Diagnostics-Sobhana-Colony/040PXX40-XX40-230826200007-A4T1_BZDET | https://www.drlogy.com/hyderabad/lab/medindia-scan-and-diagnostics | https://magicpin.in/Hyderabad/Kesav-Giri/Restaurant/Medindia-Scan-And-Diagnostics/store/c88ca0/,9217002598,,,Listed mobile likely = owner's own line (owner-run) - call & ask for Dr. Mohammed Shabbir Ali.
1,12,Elisa Diagnostic Center,Ameerpet,,040 2374 0724 / +91 93475 40724,,elisareddy@yahoo.co.in,http://elisadiagnostics.com/,Yes,high,"Pathology / diagnostic tests, digital X-ray, ECG, health checkup packages. Pancom Business Centre, 8-3-945, Shop 19, opp J C Brothers / behind Swiss Castle Bakery, Ameerpet, 500016.","Independent path lab; both phones + yahoo email confirmed on own (aging, SSL-expired) website, JustDial, Practo, IndiaMart and mappls. Clear opening for modern lab software + report portal to replace the yahoo-email/old-site setup.",Y,Y,verified,https://www.diagnosticcentres.in/diagnostic-centres/telangana/hyderabad/elisa-diagnostic-center.html | http://elisadiagnostics.com/contact%20us.html | https://www.justdial.com/Hyderabad/Elisa-Diagnostic-Center-Near-Pancom-Business-Centre-Opposite-Chennai-Shopping-Mall-Behind-Swiss-Castle-Bakery-Ameerpet/040PXX40-XX40-000958774358-O4T4_BZDET,,,,
1,12,Abhinav Diagnostic Centre,"Bowenpally (Ward 7), Secunderabad",,"040 2795 1475, 8008866600, 9247562446",8008866600,,,Yes,high,"Blood testing, pathology, and in-house imaging (USG, X-ray, CT, 2D echo per Medifee); full body / executive / senior-citizen packages; home sample collection","Confirmed independent Bowenpally lab across Medifee, Mappls, Medindia and Practo (Practo lists it as 'Abhinav Digital Diagnostic Centre'). Not part of any chain. Landline 040 2795 1475 + 8008866600 verified on Medifee. Source page also lists extra mobiles 9246337626 and 7794991188. Note: Medifee shows it runs its own imaging (CT/USG/X-ray/2D echo), so it is more equipped than a pure pass-through lab; pitch billing/reporting/software rather than assuming it lacks equipment.",,Y,verified,https://www.diagnosticcentres.in/diagnostic-centres/telangana/hyderabad/abhinav-diagnostic-centre.html | https://www.medifee.com/dc/7390-abhinav-diagnostic-centre/ | https://www.practo.com/hyderabad/clinic/abhinav-digital-diagnostic-centre-bowenpally,,,,
1,12,Hyderabad Scan & Diagnostic Centre,Charminar,Mohammed Sirajuddin Shareef,040-2341-4051 / 040-2341-4050 / 9985553415,,shareefsiraj3@gmail.com,www.hyderabadscan.com,Yes,high,"Ultrasound/scan + diagnostic centre at #23-2-75/5, opp Nayab Function Hall, Moghalpura, Charminar 500002; established ~2003, ~4.0 rating over 49 reviews.","Owner name (Mohammed Sirajuddin Shareef), email (shareefsiraj3@gmail.com), website and address all confirmed on Sulekha. No phone published on any directory, so email the owner directly re: digital scan-report generation + WhatsApp delivery. Registered a domain but it appears non-functional = strong 'you have a name but no working digital system' hook.",Y,Y,verified,https://www.sulekha.com/hyderabad-scan-diagnostic-centre-moghalpura-hyderabad-contact-address | https://www.doctorsfinder.in/lab/hyderabad-diagnostic-centre-somajiguda-1597/ | https://www.justdial.com/Hyderabad/Hyderabad-Diagnostic-Centre-Beside-Prathul-Honda-Showroom-Somajiguda/040P5411395_BZDET,9985553415,,,Listed mobile likely = owner's own line (owner-run) - call & ask for Mohammed Sirajuddin Shareef.
1,12,Likhithas Diagnostic And Speciality Lab,Dilsukhnagar,,040 2405 1777 (alt 9866805916),,,,Yes,high,"Pathology / speciality lab: full-body checkups, blood tests, diabetic/thyroid/cardiac/vitamin profiles, infectious-disease panels, ECG/TMT/X-Ray/2D-Echo/USG, free home sample collection (runs tests via Thyrocare). Near Rajadhani Theatre / Lakshmi Children Hospital, Krishna Nagar, Chaitanyapuri, Dilsukhnagar, 500060.","Confirmed on multiple listings (Mediyaar, MediBuddy, JustDial, Medifee); landline 040 2405 1777 confirmed, mobile 9866805916 seen as alt. Longstanding independent Dilsukhnagar lab, listed as landline-only with no own site = fits cloud LIS + WhatsApp report delivery pitch. NOTE: a separately-branded 'Likhitha Diagnostics' (likhithadiagnostic.com) exists in KPHB/Kukatpally - do not assume it is the same entity or a website for this Dilsukhnagar lab.",,Y,verified,https://www.mediyaar.com/hyderabad/labs/likhithas-diagnostic-and-speciality-lab-dilsukhnagar.html | https://www.medibuddy.in/lab-centers/diagnostics/hyderabad/profile/351-likhithas-diagnostic-and-speciality-lab | https://www.justdial.com/Hyderabad/Likhithas-Diagnostics-Speciality-Lab-Next-to-Lakshmi-Children-Hospital-Hanuman-Nagar-Narayan-Puri-Colony-Chaitanyapuri-Dilsukh-Nagar/040PF003438_BZDET,,,,
1,12,Farha Diagnostic Centre,Falaknuma,"Dr. Mohammed Yousufuddin (MD/DCH Paediatrics, Osmania, 40+ yrs)",9246201931,,,,Yes,high,"Pathology/blood testing + sonography + MRI scan referral centre at Engine Bowli, Char Chaman, opp Falaknuma Bus Depot, Falaknuma 500053. Listed under Pathology Labs, MRI Scan and Sonography centres.","Phone 9246201931 confirmed on healthfrog; also listed on Practo/Justdial. Independent lab with imaging tie-ups; pitch report software plus referral/outsourced-test tracking (dual reporting). Phone-only, no website = likely lacks software.",,Y,verified,https://www.healthfrog.in/laboratory/farah-diagnostic-centre-hyderabad-telangana-0vl3lulal.html | https://www.justdial.com/Hyderabad/Farah-Diagnostic-Centre-Engine-Bowli-Charchaman-Opposite-Falaknuma-Bus-Depot-Falaknuma/040PXX40-XX40-090927111806-W8V5_BZDET,,,"Paediatrician running Farha Hospital, near Falaknuma Palace, opp Engine Bowli. Consult 100-300, Mon-Sat 10AM-5PM.",No personal mobile. 9217002598 on Magicpin is SHARED aggregator (same as Medindia) - don't trust. Paths: (1) Justdial IVR when dialled reveals registered clinic phone; (2) Practo/Lybrate Call Clinic in live browser; (3) walk-in - sole practitioner on-site.
1,12,Aditya Diagnostics Research Laboratories (ADRL),"KPHB Colony, Road No. 4, Kukatpally",Dr. A. Saraswathi Devi (founder),040 2315 1905 / 098488 34451,,,https://www.adityalabs.com,Yes,high,"Biochemistry, Pathology, Radiology (ultrasound, ECG, X-ray), medical camps, corporate/employee health programs; NABL + ISO-9002; est. 2000; 2 branches (S.R. Towers Road No. 4 KPHB main + Erragadda). Uses third-party CareHQ report portal.","Established independent NABL lab (25+ yrs) with radiology + corporate tie-ups but only a third-party CareHQ portal - pitch integrated LIMS/billing + B2B corporate module. Two branches, self-owned brand, not a listed chain.",,Y,verified,https://www.adityalabs.com/ | https://adityalabs.com/about-us/ | https://www.medindia.net/directories/labs/aditya-diagnostics-research-laboratories-hyderabad-andhra-pradesh-42464-1.htm | https://www.healthcareontime.com/diagnostic-centres/telangana/hyderabad/aditya-diagnostics-research-laboratories-kukatpally/,9848834451,,,Listed mobile likely = owner's own line (owner-run) - call & ask for Dr. A. Saraswathi Devi.
1,12,Megsan Diagnostics,"Kompally / Petbasheerabad (Quthbullapur mandal), Hyderabad 500055","Madireddy Jayapal Reddy (Co-Founder & MD, DIN 06427696)",9885317692,,info@megsandiagnostics.com,https://megsandiagnostics.com,Yes,high,"MRI (1.5T), CT scan, digital X-ray, ultrasound, TMT, 2D echo, EEG, ECG, pathology lab; free home sample collection around Kompally/Suchitra/Alwal","CONFIRMED. Independent multi-modality Pvt Ltd centre in Kompally (Hi-Tension Rd, beside Hotel SPG Grand). eka.care lists +919885317692 (exact match to scraped number) and consultant Dr Ravi Chander Chintala. IMPORTANT: this centre already runs its own website (megsandiagnostics.com), LinkedIn + Facebook pages, a toll-free line and email info@megsandiagnostics.com, so it is NOT a first-time-software prospect. Pitch as an LIS/RIS + report-delivery UPGRADE, not a greenfield sale.",Y,Y,verified,https://www.eka.care/clinic/megsan-diagnostics-clinics-kompally-secunderabad | https://www.sulekha.com/megsan-diagnostics-private-limited-kompally-hyderabad | https://megsandiagnostics.com/contact.html,,bd@megsanlabs.com / info@megsanlabs.com,"Co-Founder & MD Megsan Diagnostics Pvt Ltd (inc 2018). Also Founder/CEO Megsan Labs, MD Tentamus India, partner in multiple Focus Diagnostics LLPs + Cadabams Megsan. ~7K LinkedIn followers. NOTE: large group - borderline for 'independent small' filter, verify.","Paths: (1) LinkedIn linkedin.com/in/jayapal-reddy-madireddy-2669b976 (lowest friction, warm founder route); (2) call Megsan Labs office 040-2345-2727/2728, ask for Jayapal Reddy as Founder/CEO; (3) email bd@megsanlabs.com to him."
1,12,City Diagnostic Centre,"Langar Houz (S.No 9-1-27/5/1/2, Fort Rd, opposite Police Station) - 500008",Contact person: Mallik (owner not explicitly stated),9246501739,,,,Yes,high,"Diagnostic centre (open 8am-10pm, lunch 2-6pm, cash only)","Very small single-owner lab (ask for Mallik, confirmed on Sulekha); pitch low-cost per-report software + WhatsApp report sharing. No website, phone-only - clear software gap.",,Y,verified,https://www.bdir.in/p/best/in/diagnostic-centres-in-hyderabad-ts/MTQxMzg5 | https://www.sulekha.com/city-diagnostic-centre-langar-houz-hyderabad-contact-address,9246501739,,,Listed mobile likely = owner's own line (owner-run) - call & ask for Contact person: Mallik.
1,12,Mohans Diagnostic (Mohans Health Care),"Mehdipatnam (Gudimalkapur / veg-market circle, beside Vijaya Bank, Ushodaya Colony), Hyderabad 500028",P. Meghanath (Director/CEO; also a practising cardiologist per Justdial); 'Lavanya' listed as Chairman,9290453026,,mohanshealthcare23@gmail.com,mohanshealthcare.co.in,Yes,high,"Full clinical lab: biochemistry, haematology, clinical pathology, histopathology & cytopathology, microbiology, serology, immunology, flow cytometry (CD4/CD8, oncology, HLA), RT-PCR, chemiluminescence, immunofluorescence; plus OP/clinic (est. 2009)","High-menu independent lab + clinic (histopath, flow cytometry, RT-PCR). Runs on only a basic brochure website + gmail - no LIMS/patient portal, strong fit for lab-management + digital report delivery. Corrected the lead's phone (9290452935 appears nowhere) to the official-site number.",Y,Y,verified,https://mohanshealthcare.co.in/ | https://www.diagnosticcentres.in/diagnostic-centres/telangana/hyderabad/mohans-diagnostic.html | https://www.indiamart.com/mohans-diagnostic/aboutus.html | https://www.justdial.com/Hyderabad/Dr-Meghanath-Mohans-Health-Care-Diagnostics-and-Clinics-Opp-to-Gloden-Palce-Hotel-Mehdipatnam/040PXX40-XX40-150803173259-E3E8_BZDET,9290453026,,,Listed mobile likely = owner's own line (owner-run) - call & ask for P. Meghanath.
1,12,Nova Care Diagnostic Services & Poly Clinic,Narayanaguda,,"9849810399, 9885833488",,,,Yes,high,"Diagnostics + poly clinic; full-body checkups, blood tests, scans","Verified: 105, Moghal MARC Building, Opp Deepak Theatre, Narayanguda 500029. Independent lab + poly clinic combo (listed on Justdial/Practo/Medindia). Both mobile numbers confirmed; mobile-only, no website. Lab+clinic patient-flow means billing/reporting pain - pitch clinic+lab software with WhatsApp reports.",,Y,verified,https://www.mediyaar.com/hyderabad/labs/nova-care-diagnostic-services-narayanguda.html | https://www.justdial.com/Hyderabad/Novacare-Diagnostic-Services-Opp-Deepak-Theatre-Narayanguda/040PF004511_BZDET | https://www.justdial.com/Hyderabad/Novacare-Diagnostic-Services-Opp-Deepak-Theatre-Narayanguda/040PXX40-XX40-240529122353-M3D1_BZDET,,,,
1,12,Samhitha Ultrasound Scan Centre (Samhitha Scan Centre),Neredmet (Defence Colony),Jayashree,040 2711 4542 / 040 2779 2943,,,,Yes,high,"Ultrasound scans plus lab tests (blood, urine, stool). Justdial shows 4.5 stars with ~588 reviews - high walk-in volume.","Confirmed independent USG + path lab at Plot 596, Defence Colony, Neredmet X Roads (behind 16A bus stop), Secunderabad-500094. Well-rated, high review volume, no own website - only phone + aggregator listings, so likely paper/phone-based. Pitch unified scan-report + billing software with WhatsApp report delivery.",,,verified,https://www.justdial.com/Hyderabad/Samhitha-Scan-Centre-Neredmet/040PXX40-XX40-131223100650-C9T7_BZDET | https://yellowpages.fullhyderabad.com/samhita-ultra-sound-scan-centre/neredmet-x-roads/telephone-email-address-reviews/diagnostic-centres-16031-1.html | https://www.healthcareontime.com/diagnostic-centres/telangana/secunderabad/samhitha-ultrasound-scan-centre-2/ | https://www.justdial.com/Hyderabad/Samhitha-Ultra-Sound-Scan-Centre-Behind-16A-Bus-Stop-Defence-Colony-Neredmet/040PXX40-XX40-000366868227-K1J4_BZDET | https://www.sulekha.com/samhitha-ultrasound-scan-centre-neredmet-hyderabad-contact-address,,,"Defence Colony, Neredmet. ~41 years operating. 4.5/5 (428+ reviews). Small proprietor-run USG centre.","Call 040 2711 4542 at opening (7AM) weekday - small single-operator centre, Jayashree likely answers personally. Ask for her."
1,12,Sigma Diagnostic,Nizampet,P. Venkat,9550238428,,sigmaadiagnostics@gmail.com,,No,unverified,"Pathology lab, blood tests, X-ray","Est 2010, 4.7-star with 186 reviews; owner P. Venkat on Sulekha; active Gmail - owner-operated with no formal LIS; warm cold-call target.",Y,Y,scrape,https://www.sulekha.com/sigma-diagnostic-nizampet-hyderabad-contact-address,9550238428,,,Listed mobile likely = owner's own line (owner-run) - call & ask for P. Venkat.
1,12,Medicure Plus Diagnostic Centre,"Rajendranagar (Satti Reddy Complex, beside Apollo Pharmacy, Hyderguda X Road), Hyderabad 500048",,9848050800 / 9848030625 / 9949803555,,help@medicureplus.in,medicureplus.in,Yes,high,"Ultrasound/Doppler, X-Ray, ECG, pathology lab, CT, mammography, OPG (dental X-ray)",Independent owner-run Rajendranagar centre with full radiology and its own website + Facebook/Instagram; digitally forward. Pitch integrated LIS/RIS with WhatsApp report delivery.,Y,Y,verified,https://medicureplus.in/contact-us/ | https://www.facebook.com/medicureplus/ | https://www.diagnosticcentres.in/diagnostic-centres/telangana/hyderabad/medicure-plus-diagnostic-centre-attapur-main-.html | https://www.mediyaar.com/hyderabad/labs/medicure-plus-diagnostic-centre-attapur.html,,,,
1,12,Ravi Diagnostics & Scan Centre,Santoshnagar,,9348499608,,,,Yes,high,"Pathology + ultrasound/scan centre at 17-1-383/S/A, next to Nightingale Hospital, Vinay Nagar, Sagar Road, Santosh Nagar 500059. Also listed as offering CT/MRI referrals.","Confirmed on mediyaar: name, address and phone 9348499608 all match. Independent local centre (not a chain). Combined path + scan means both lab and USG reports to manage; strong fit for unified reporting software. Phone-only, no website/email found = likely lacks software.",,Y,verified,https://www.mediyaar.com/hyderabad/labs/ravi-diagnostics-scan-centre-santosh-nagar.html | https://www.justdial.com/Hyderabad/Ravi-Diagnostics-Scan-Centre-Opp-Nightingale-Hospital-Santosh-Nagar/040PXX40-XX40-101121154853-U7P4_BZDET,,,,
1,12,Neha Diagnostic Services,Santoshnagar / I S Sadan (Saidabad border),K. Reddy,9866105105,,,https://www.indiamart.com/neha-diagnostic-services/,Yes,high,"Pathology / diagnostic / blood testing services; 17-1-380/E/12, I S Sadan, beside Srinivasa Hospital, Santosh Nagar 500059. Open 7am-9pm daily.","Confirmed independent single-owner lab beside Srinivasa Hospital feeding on hospital referrals; mobile 9866105105 verified on diagnosticcentres.in, medifee, Medindia, Practo and Justdial. Owner-run mobile likely on WhatsApp — pitch fast TAT + WhatsApp delivery so referring doctors get results instantly. Phone-only, no website.",,Y,verified,https://www.medifee.com/dc/7252-neha-diagnostic-services-(santosh-nagar)/ | https://www.diagnosticcentres.in/diagnostic-centres/telangana/hyderabad/neha-diagnostic-services-santosh-nagar-.html | https://www.practo.com/hyderabad/clinic/neha-diagnostic-services-santosh-nagar | https://www.justdial.com/Hyderabad/Neha-Diagnostic-Services-I-S-Sadan-Santosh-Nagar/040PXX40-XX40-140211173614-E6N9_BZDET | https://www.indiamart.com/neha-diagnostic-services/ | https://medifyhome.com/diagnostic-centers/hyderabad/neha-diagnostic-services-dilsukhnagar/,9866105105,,,Listed mobile likely = owner's own line (owner-run) - call & ask for K. Reddy.
1,12,Dhanunjay Diagnostic Centre,Uppal,,9848288319 / 040-27207780,,,,Yes,high,"Full diagnostic centre - Pathology, Cardiology (ECG), Radiology (X-ray/USG), Diabetology; listed on Practo as a multi-speciality clinic; 7 days 7am-9pm","Independent multi-modality single centre doing its own path + scans - strong fit for combined billing + auto report/WhatsApp delivery; landline-only contact, no website found, so likely running on paper/manual now.",,Y,verified,https://www.justdial.com/Hyderabad/Dhanunjay-Diagnostic-Centre-Opposite-Survey-Of-India-Behind-Little-Flower-Junior-College-Prashanth-Nagar-Uppal/040PXX40-XX40-000373656377-T8A5_BZDET | https://www.diagnosticcentres.in/diagnostic-centres/telangana/hyderabad/dhanunjay-diagnostic-centre.html | https://www.practo.com/hyderabad/clinic/dhanunjay-diagnostic-centre-uppal | https://www.mediyaar.com/hyderabad/labs/dhanunjay-diagnostic-centre-uppal.html | https://www.sulekha.com/dhanunjay-diagnostic-centre-uppal-hyderabad-contact-address,,,,
1,12,Renuka Diagnostic Center,Uppal,,040-65530100 / 9133300100,,,,Yes,high,"Blood tests / pathology + basic diagnostics (ECG, X-ray per healthcareontime); Door No 2-4-118/4/B, Swaroop Nagar, near Venkateshwara Temple, Uppal",Small independent walk-in lab (landline + mobile). Pitch simple billing + digital/WhatsApp report delivery. Thyrocare tie-up is NOT confirmed (see issues) so do not lead with the outsourced-payable angle until confirmed on call.,,Y,verified,https://www.diagnosticcentres.in/diagnostic-centres/telangana/hyderabad/renuka-diagnostic-center.html | https://www.healthcareontime.com/diagnostic-centres/telangana/hyderabad/renuka-diagnostic-center/ | https://www.sulekha.com/renuka-diagnostic-centre-uppal-hyderabad-contact-address,,,,
1,11,Aruna Diagnostics (Ameerpet branch),Ameerpet,,7331168099,,info@arunadiagnostics.com,arunadiagnostics.com,Yes,high,"Full imaging + pathology: MRI, CT, ultrasound, colour doppler, 2D-echo, digital X-ray, mammography, ECG, EEG, TMT; plus full pathology (biochemistry, haematology, immunology, histopathology, serology, microbiology); health-checkup packages","Confirmed on own site + Justdial. Independent, only 3 branches (Ameerpet near Lal Banglow, Kukatpally, AS Rao Nagar), and each branch runs its own gmail = no central system. This is a full-service imaging + pathology centre (MRI/CT/mammography), not a small lab, so real report volume. Pitch one portal across all 3 branches with consolidated, branded reporting.",Y,Y,verified,https://www.arunadiagnostics.com/diagnostic-center-ameerpet/ | https://www.arunadiagnostics.com/contact-us/ | https://www.justdial.com/Hyderabad/Aruna-Scan-Diagnostics-Next-To-Reddy-Labs-Near-Lal-Banglow-Ameerpet/040PXX40-XX40-210818144305-M9T8_BZDET | https://www.arunadiagnostics.com/diagnostic-center-as-rao-nagar/ | https://www.bharatibiz.com/en/aruna-scan-diagnostics-|-as-rao-nagar-075692-21726,,,,
1,11,Pulse Diagnostics and Polyclinic,"Attapur (Kishan Bagh, Pillar No 143, BPN Square, below Mithas Vatika, opp PNB) - 500048",,7382247744,,pulselab.polyclinic@gmail.com,2dechodiagnostics.com,Yes,high,"2D Echo, TMT, ECG, Holter, ABPM, ultrasound, lab/pathology, pharmacy; visiting specialists (cardiologist, nephrologist, physician)",Cardiac-focused polyclinic (2D Echo/TMT/ECG/Holter) plus lab and pharmacy - pitch unified cardiac + lab report templates and integrated pharmacy billing. Open Mon-Sat 8am-10pm. Has own website 2dechodiagnostics.com.,Y,Y,verified,https://2dechodiagnostics.com/contact-us/ | https://www.diagnosticcentres.in/diagnostic-centres/telangana/hyderabad/pulse-diagnostics-and-polyclinic-2d-echo-tmt-ecg-lab-pharmacy.html | https://www.sulekha.com/pulse-diagnostics-and-polyclinic-2d-echo-tmt-attapur-hyderabad-contact-address,,,,
1,11,Abhishek Scan Centre (Abhishek Scanning Centre),Begumpet,Dr. T.L.N. Praveen (radiologist-proprietor),040 27901828 / 040 23542080,,tlnpraveen@gmail.com,,Yes,high,"Ultrasound / sonography, X-ray, ECG and scanning (est. 2001)","Confirmed: single doctor-run scan centre at 1-8-370/372 Chiran Fort Club Lane 2 (behind Begumpet passport office / adj Splendid Tower); afternoon-only slots ~12:30-4:30 PM, no website. Owner Dr. D L Praveen and both 040 landlines corroborated across deccanconnect/jupiteryellow/justdial. Email tlnpraveen@gmail.com is from the Sulekha listing (medium). WARNING: the whatsapp 9820693367 and email [email protected] shown on healthcareontime are a shared lead-gen number reused on other listings - do NOT use. Pitch faster USG reporting + WhatsApp report delivery.",Y,,verified,https://www.healthcareontime.com/diagnostic-centres/telangana/hyderabad/abhishek-scan-centre/ | https://www.justdial.com/Hyderabad/Dr-Praveen-Abhishek-Scan-Centre-Adj-to-passport-office-Begumpet/040PXX40-XX40-150804182847-N6X5_BZDET | https://www.sulekha.com/abhishek-scan-centre-begumpet-hyderabad-contact-address | http://deccanconnect.com/details/health/abhishek-scan-centre,,,"Abhishek Institute of Imageology, Chiran Fort Club Lane, Begumpet (adj Passport Office). Dr. T.L.N. Praveen: MBBS Andhra Medical 1977, MD Radiodiagnosis Osmania 1981, 32-45 yrs exp. Est 2001.",Call 040 27901828 at 10-11AM before imaging queue builds. Sole radiologist on-site. Ask for 'Dr. Praveen directly regarding a business proposal.'
1,11,My Labs Speciality Diagnostics Services,Boduppal,,7993278472 / 7993278373 / 9121865734,,mylabscustomercare@gmail.com,https://mylabsdiagnostics.com,Yes,high,"Full-menu diagnostics: pathology, biochemistry, haematology, microbiology, immunology, serology, radiology, cardiology; #3-78 Mallikarjuna Nagar, Opp Uppal Depot, Boduppal, 500039","Existence + primary phones (79932 78472 / 78373) + email confirmed across multiple sources (diagnosticcentres.in, getvisitapp, justdial, and their own live site). CORRECTED website: lead's mylabsindia.in is dead (connection refused); the real live company site is mylabsdiagnostics.com, which matches the same phones + email. Small local group, NOT a big chain: main Uppal/Boduppal centre plus a 'My Labs India Medical Services' branch in Peerzadiguda (~2 locations). Already runs its own site + online booking/app, so less of a greenfield software pitch - lead with dual-branch reporting + referral payouts.",Y,Y,verified,https://www.diagnosticcentres.in/diagnostic-centres/telangana/hyderabad/my-labs-a-unit-of-my-labs-india-medical-services-pvt-ltd.html | https://mylabsdiagnostics.com/ | https://getvisitapp.com/labs/hyderabad/centers/my-labs-speciality-diagnostics/ | https://www.justdial.com/Rangareddy/MY-LABS-Diagnostic-Mallikarjuna-Nagar-Boduppal/040PXX40-XX40-240621121246-V2B9_BZDET | https://www.justdial.com/Hyderabad/My-Labs-India-Medical-Services-Peerzadiguda/040PXX40-XX40-240418180749-C3Y7_BZDET,,,,
1,11,Care Diagnostic Centre (Boduppal),Boduppal,,040-39618493 / 9912432840,,,,Yes,high,"Pathology / blood tests + health-checkup packages (via Thyrocare); Door No 3-12, Mallikarjuna Nagar, Boduppal, Opp More Supermarket, Uppal, 500039","Existence + both phone numbers confirmed on multiple sources (diagnosticcentres.in, healthcareontime, medifee [listed as 'Care Diagnostic Centre (Uppal)'], medindia, justdial). Standalone Thyrocare-partnered collection centre - NOT affiliated with CARE Hospitals / CARE chain despite the name. No email/website found (phone-only) - good billing + digital-reports pitch.",,Y,verified,https://www.diagnosticcentres.in/diagnostic-centres/telangana/hyderabad/care-diagnostic-centre.html | https://www.healthcareontime.com/diagnostic-centres/telangana/hyderabad/care-diagnostic-centre-uppal/ | https://www.medifee.com/dc/7353-care-diagnostic-centre-(uppal)/ | https://www.justdial.com/Hyderabad/Care-Diagnostic-Centre-Opposite-More-Super-Market-Uppal/040PXX40-XX40-121127132044-G1K3_BZDET,,,,
1,11,Sri Medicare Diagnostic Centre,Dilsukhnagar,,"9246286055 (alt 9866416158, 9866416067)",,,,Yes,high,"Full-body checkups (up to ~149 params), Aarogyam-style male/female panels, thyroid/diabetic/cardiac/renal/lipid/vitamin & food-intolerance profiles, urine analysis, free home collection (via Thyrocare). Sai Baba Temple Rd, beside Steel/Big Bazaar, Gaddiannaram, Dilsukhnagar, 500060.","Primary mobile 9246286055 confirmed on source; JustDial adds landline-style alts 9866416158 / 9866416067. Mobile-first, no website/email = clearly lacks software and the mobile is likely WhatsApp-reachable for owner outreach. Runs many large panel packages - strong fit for template-driven report generation. Independent (Thyrocare franchise-style centre, not a chain branch).",,Y,verified,https://www.mediyaar.com/hyderabad/labs/sri-medicare-diagnostic-centre-dilsukhnagar.html | https://www.justdial.com/Hyderabad/Sri-Medicare-Diagnostic-Centre-Beside-Steel-Big-Bazar-Dilsukh-Nagar/040PF005307_BZDET | https://www.mappls.com/6761dd,,,,
1,11,Konark Diagnostic Centre,"Dilsukhnagar (HQ: Konark Towers, Andhra Bank Colony, 500036) + Vanasthalipuram + Nagole branches",,040 2406 5397 / 040 2406 2051 / +91 73861 76374 / +91 78428 46079,,contact@konarkdiagnostic.com,https://konarkdiagnostic.com/,Yes,high,"Independent 3-branch diagnostic centre (radiology + pathology), open 6:30 AM-10:00 PM daily","All four phones + email confirmed on the official contact page. Multi-branch confirmed: Dilsukhnagar HQ, Vanasthalipuram (Ganesh Temple Rd, opp More) and Nagole (Bandlaguda Rd) branches all found in directories - covers three of our target localities. Own website but no online reporting/portal shown; strong fit for multi-branch lab software with centralized reporting. Owner name not published anywhere - ask on call.",Y,Y,verified,https://konarkdiagnostic.com/contact/ | https://www.sulekha.com/konark-diagnostic-centre-vanasthalipuram-hyderabad-contact-address | https://www.diagnosticcentres.in/diagnostic-centres/telangana/hyderabad/konark-diagnostic-centre.html,,,,
1,11,Azaan Diagnostics & Specialty Lab,Falaknuma / Chandrayangutta,,+91 95057 90786,,,,Yes,high,"Specialty pathology + basic diagnostics with several local branches in old-city Hyderabad (Mughal Colony/Falaknuma, Hafiz Baba Nagar-Kanchan Bagh, Balapur/Chandrayangutta, Phool Bagh-Gulshan Iqbal Colony); open ~7am-8pm, 7 days.","Small self-owned 3-4 branch local lab, NOT a corporate chain. Same single mobile number and no website across all listings = strong signal it lacks software. Multi-branch = pitch centralised reporting + branch-wise billing dashboard + WhatsApp report delivery.",,Y,verified,https://www.bharatibiz.com/en/azaan-diagnostics-specialty-lab-095057-90786 | https://www.sulekha.com/azaan-diagnostic-speciality-laboratory-balapur-hyderabad-contact-address | https://www.mappls.com/lf3o9u | https://www.practo.com/hyderabad/clinic/azaan-diagnostic-centre-falaknuma | https://www.proceed.fit/diagnostic-centre/Azaan-Diagnostics-Specialty-Lab-HYDERABAD-500005,,,,
1,11,Satya Diagnostics,"Gachibowli (Shilpa Park, near KIMS Hospital)",,9908418717,,,,Yes,high,"Blood tests, full body checkup packages, thyroid/diabetes/cardiac/liver profiles, CBC, urine; free home sample collection via Thyrocare.","Confirmed independent standalone lab at Plot 38-39, Gachibowli-Miyapur Rd, next to Masjid near KIMS Hospital, Shilpa Park 500084 (KIMS is a landmark, not a chain link). Mobile 9908418717 verified on mediyaar, healthcareontime and diagnosticcentres.in. Uses Thyrocare for home collection — likely no in-house LIS; pitch own digital reports + WhatsApp delivery. Phone-only, no website.",,Y,verified,https://www.mediyaar.com/hyderabad/labs/satya-diagnostics-gachibowli.html | https://www.healthcareontime.com/diagnostic-centres/telangana/hyderabad/satya-diagnostics/ | https://www.diagnosticcentres.in/diagnostic-centres/telangana/hyderabad/satya-diagnostics.html,,,,
1,11,Tricorder Diagnostics,"Gachibowli / Khajaguda (Siri Sampada Arcade III, opp Niharika Interlake, behind Union Bank) - 500032",,+91 99666 68797,+91 99666 68797,Support@tricorderdiagnostics.com,https://www.tricorderdiagnostics.com/,Yes,high,"Pathology lab (hematology, biochemistry, immunology, serology, microbiology, molecular, histopath/cytology), 1131+ tests, health packages, home collection, corporate camps. Open 7 days 7 AM - 11 PM.","Confirmed young single-branch independent lab (Tricorder Diagnostics Pvt Ltd, ~est 2021) still scaling - likely open to modern lab software. Pitch billing + online reports + home-collection ops. WhatsApp confirmed as the same number as the phone (their site lists it as a WhatsApp line), so filled it in.",Y,Y,verified,https://www.tricorderdiagnostics.com/ | https://www.justdial.com/Hyderabad/Tricorder-Diagnostics-Opp-To-Niharika-Interlake-Gachibowli/040PXX40-XX40-221024140506-H4R9_BZDET | https://www.apollo247.com/clinic/tricorder-diagnostics-in-hyderabad-7c17385d-4419-4322-b3cd-d2158f05f19f,,,,
1,11,Tirumala Diagnostic Centre (Lallaguda),"Habsiguda (North Lallaguda, near Meena Hospital)",,9849550606,,,,Yes,high,"Small pathology / sample-collection centre; 10-5-682/2, Sai Ranga Towers, Thukaram Gate, North Lallaguda, near Meena Hospital, Habsiguda-Tarnaka, 500017. Appears to outsource tests via Thyrocare/Aarthi/Redcliffe partner labs.","Existence + mobile 9849550606 confirmed on two independent listings (diagnosticcentres.in + mediyaar), address corroborated by healthcareontime + medifee. Source also lists landlines 040-27734950 / 040-27737749 (single-source, unverified). No own website - phone-only, referral-driven; strong pitch for report delivery + doctor-referral payout tracking. Looks like a collection centre outsourcing to Thyrocare/Aarthi rather than a full in-house lab - confirm on call.",,Y,verified,https://www.diagnosticcentres.in/diagnostic-centres/telangana/hyderabad/tirumala-diagnostic-centre-lallaguda-.html | https://www.mediyaar.com/hyderabad/labs/tirumala-diagnostic-center-lalaguda.html | https://www.healthcareontime.com/diagnostic-centres/telangana/secunderabad/tirumala-diagnostic-centre-lallaguda/ | https://www.medifee.com/dc/7567-tirumala-diagnostic-centre-(lallaguda)/,,,,
1,11,S.R. Diagnostics,Habsiguda / Lalaguda (Thukaram Gate),,9032421411 / 9866561980,,,,Yes,high,"Blood testing, pathology, health checkups, home collection; 10-5-492/3, Thukaram Gate Main Road, Lalaguda, opposite Subhash statue, Habsiguda/Tarnaka, 500017.",Two-mobile independent path lab on the Habsiguda-Lalaguda edge (500017) - no confirmed website/email = solid no-software target. Confirm exact locality (Lalaguda/Mettuguda/Tarnaka overlap) on the call.,,Y,verified,https://www.diagnosticcentres.in/diagnostic-centres/telangana/hyderabad/s-r-diagnostics.html | https://www.medindia.net/directories/labs/s-r-diagnostics-hyderabad-andhra-pradesh-42597-1.htm | https://www.sulekha.com/s-r-diagnostics-mettuguda-hyderabad-contact-address,,,,
1,11,Sathya Diagnostics Centre,"Kondapur (21-41/17/A, near 8th Police Battalion Gate, opp Bejawada/Bezawada Bojanam) - 500084",V. Srinivas,"+91 99084 18808, 9000023500",,reddysatishwar@gmail.com,http://www.sathyadc.in,Yes,medium,"Blood testing, pathology, X-ray, ultrasound imaging","Independent single-branch Kondapur lab+scan, confirmed across Justdial, magicpin and diagnosticcentres.in. Lean operation - pitch report automation + WhatsApp delivery to save front-desk time. Email reddysatishwar@gmail.com is confirmed and hints owner may be a 'Satishwar Reddy', but no owner name is explicitly stated, so left blank.",Y,Y,verified,https://www.diagnosticcentres.in/diagnostic-centres/telangana/hyderabad/sathya-diagnostics-center.html | https://www.justdial.com/Hyderabad/Sathya-Diagnostic-Centre-Near-8Th-Police-Betaine-Gate-Kondapur/040PXX40-XX40-240913041245-W4F7_BZDET | https://magicpin.in/Hyderabad/Kondapur/Other/Sathya-Diagnostics-Center/store/3020c9/ | https://www.sulekha.com/sathya-diagnostic-centre-himayat-nagar-hyderabad-4684161-contact-address | https://www.healthcareontime.com/diagnostic-centres/telangana/hyderabad/sathya-diagnostic-centre-himayat-nagar/ | https://doctorc.in/diagnostic-centers/hyderabad/sathya-diagnostic-center-dilsukhnagar/ | https://www.justdial.com/Hyderabad/Sathya-Diagnostic-Centre-Opposite-Annapurna-Complex-Metro-Pillar-No-1552-Dilsukh-Nagar/040PXX40-XX40-191106152205-Q5L5_BZDET,9908418808,,,Listed mobile likely = owner's own line (owner-run) - call & ask for V. Srinivas.
1,11,Tirumala Speciality Clinics & Diagnostics,"Kothaguda X Rd, Kondapur, Hyderabad (also Attapur & Karimnagar)",,9059478355,9820693367,tirumaladiagnostics8@gmail.com,https://www.tirumaladiagnostics.co.in,Yes,high,"Pathology, ultrasound/scan, multispeciality consultations","Own contact page confirms Kondapur number 9059478355 and 3 branches: Attapur line 8099746797, Karimnagar line 9182858228. Independent 3-branch group - pitch centralized multi-branch reporting + billing so head office sees all centres in one place. No email published.",Y,Y,verified,https://www.tirumaladiagnostics.co.in/contact/ | https://www.diagnosticcentres.in/diagnostic-centres/telangana/hyderabad/manikonda | https://www.healthcareontime.com/diagnostic-centres/telangana/hyderabad/tirumala-speciality-clinics-and-diagnostics/,,,,
1,11,Urmila Diagnostic Centre,LB Nagar,,"040 3370 4137, 9515134669",,,https://urmiladiagnostics.com,Yes,high,"Pathology blood tests plus imaging - ultrasound (USG), digital X-ray, ECG, 2D echo, CT scan; full-body checkup packages","CONFIRMED real, established mid-size centre: Justdial 219+ reviews, 4.4 rating, open 6:30am-9:30pm, beside New Ranga Reddy District Court / Avinash College. Independent, not a chain. Landline 040 3370 4137 verified on Justdial + mediyaar; added mobile 9515134669 (seen on Justdial). No own website found - solid LIS + report-delivery lead. NOTE: mediyaar price list is Thyrocare's (aggregator), not the centre's own.",,Y,verified,https://www.mediyaar.com/hyderabad/labs/urmila-diagnostic-centre-l-b-nagar.html | https://www.justdial.com/Hyderabad/Urmila-Diagnostic-Centre-Beside-New-Ranga-Reddy-District-Court-LB-Nagar/040PXX40-XX40-150921122955-U9Y9_BZDET/reviews | https://www.medifee.com/dc/7267-urmila-diagnostic-centre/ | https://www.mappls.com/place-urmila+diagnostics-sri+sai+tarun+enclave-lb+nagar-hyderabad-telangana-500074-O4XDTD | https://www.diagnosticcentres.in/diagnostic-centres/telangana/hyderabad/urmila-diagnostic-centre.html,,,,
1,11,Sri Nandi Diagnostic Centre,"LIG 564, Road No. 3, KPHB Colony, Kukatpally - 500072",,+91 8464 99 00 33,,sndc999@gmail.com,http://srinandidiagnosticcentre.com,Yes,high,"Full pathology, Digital/Portable X-ray, 3D/4D Ultrasound, ECG (incl. home visit), TMT, 2D-Echo, PFT, executive health-check profiles; open 24/7 365 days, house visits within 10km","Single independent centre with in-house imaging AND pathology running 24/7 - top-tier fit for a reports portal + WhatsApp delivery + billing/LIMS. Only has a basic static HTML site and a gmail address today, so plenty to upgrade. Address is LIG 564, Road No. 3, KPHB Colony.",Y,Y,verified,http://srinandidiagnosticcentre.com/aboutus.html | https://www.justdial.com/Hyderabad/Sri-Nandi-Diagnostic-Centre-Near-Kukatpally/040PXX40-XX40-190722213245-N2X9_BZDET | http://srinandidiagnosticcentre.com/,,,,
1,11,Janata Diagnostic Centre,"Langar House / Langar Houz (P Indra Reddy Bridge, opp Pillar No 2), Mehdipatnam - 500028",,040 4971 5311,,janatadiagnosticcentre1987@gmail.com,,Yes,high,"Pathology, blood & urine tests, ultrasound, X-ray, full-body checkups (established 1987)","35+ year old single-location family-run lab, almost certainly paper-based - lead with a modernization pitch (digital reports, WhatsApp delivery). Full address: 9-2-286/3/2, P Indra Reddy Bridge, opp Pillar No 2, Langar House.",Y,,verified,https://www.justdial.com/Hyderabad/Janata-Diagnostic-Centre-P-Indra-Reddy-Bridge-Opposite-Pillar-No-2-Langar-House/040PXX40-XX40-000781859031-W5Y2_BZDET | https://www.healthcareontime.com/diagnostic-centres/telangana/hyderabad/janata-diagnostic-centre-2/ | https://www.mediyaar.com/hyderabad/labs/janata-diagnostic-centre-mehdipatnam.html,,,,
1,11,First Health Diagnostics,"Madhapur (Krithika Layout, opp Axis Bank), 500081","REAL owners = Chamadia family (MCA); Dr. Anand Rao is a consulting homoeopath at Attapur branch, NOT the Madhapur decision-maker",040 3392 4022,,,https://firsthealthdiagnostics.com,Yes,high,"Pathology / blood tests, health-checkup packages (Thyrocare-partnered), scans via tie-ups (MRI/CT/USG/X-ray), free home sample collection.","CONFIRMED independent 2-branch Pvt Ltd: Madhapur (040 3392 4022) + Attapur (Pillar No.180, Rainbow Archies; 040 2401 2401 / appt line 9550112200). Madhapur phone is consistent across mediyaar, diagnosticcentres and its own site. CORRECTION to lead: they already HAVE a website (firsthealthdiagnostics.com) and run on Thyrocare packages, so do NOT pitch a first website/first-software setup - lead with multi-location LIS + shared patient records + integrated reporting across the two centres.",,,verified,https://www.mediyaar.com/hyderabad/labs/first-health-diagnostics-private-limited-madhapur.html | https://www.diagnosticcentres.in/diagnostic-centres/telangana/hyderabad/first-health-diagnostics.html | https://firsthealthdiagnostics.com/ | https://www.justdial.com/Hyderabad/First-Health-Diagnostics-Beside-Sydicate-Bank-Near-Pillar-No-180-Attapur/040PXX40-XX40-141224180807-S4B9_BZDET,,,"First Health Diagnostics Pvt Ltd, CIN U85195TG2014PTC093167, inc Dec 2014. MCA directors: Shehnaz/Salim/Amir Chamadia + P Ravikumar. Website firsthealthdiagnostics.com.","For a chain-partnership pitch target the Chamadia family (registered office Rainbow Archides, Attapur). Website contact form checked by management. Do NOT waste the pitch on Dr. Anand Rao."
1,11,Konark Diagnostic Centre (Moosarambagh),"Malakpet / Moosarambagh (New Malakpet), Dilsukhnagar side",,"+91 7386176374, +91 7842846079, 040 24065397, 040 24062051",,contact@konarkdiagnostic.com,https://konarkdiagnostic.com,Yes,high,"Full diagnostic centre - pathology/blood tests, health checkups, imaging; Moosarambagh branch open every day 6:30 AM-10 PM. Second branch at Santosh Nagar (Saidabad, IS Sadan X Roads, behind Bharat Petrol Pump) INDEPENDENTLY CONFIRMED, Mon-Sat 9 AM-9 PM.","VERIFIED - strongest lead. Own live website + business email + a genuine 2nd Santosh Nagar branch (both confirmed). Phone, email and address all match the official contact page exactly. The Santosh Nagar branch listing ALREADY advertises report delivery by email/WhatsApp within 24-48h, so they have a partial workflow but likely stitched manually across two sites. Pitch unified cross-branch lab software (auto reports with logo, faster WhatsApp delivery, cross-branch billing/TAT). No owner/director name is published anywhere - get it on the call.",Y,Y,verified,https://konarkdiagnostic.com/contact/ | https://www.healthcareontime.com/diagnostic-centres/telangana/hyderabad/konark-diagnostic-centre-moosarambagh/ | https://www.diagnosticcentres.in/diagnostic-centres/telangana/hyderabad/konark-diagnostic-centre-moosarambagh-.html | https://www.diagnosticcentres.in/diagnostic-centres/telangana/hyderabad/konark-diagnostic-centre-santosh-nagar-.html | https://www.justdial.com/Hyderabad/Konark-Diagnostic-Centre-Behind-Deccan-Grameena-Bank-Nagole/040PXX40-XX40-120327122658-E4Z5_BZDET | https://www.mediyaar.com/hyderabad/labs/konark-diagnostic-centre-saidabad.html,,,,
1,11,Suman Scan & Diagnostic Centre,Malkajgiri,,"040 2705 7066, 040 2706 1462, 8466043253",,,,Yes,high,"Ultrasound / X-ray scan centre + diagnostics, ECG","Verified: Shop 10, Sairam Complex, Malkajgiri Main Rd, Near Anutex / Opp ZPHS 500047. Independent single-location scan+lab, ~4.1 rating across Justdial/Sulekha/Practo. Contact person 'Ravi Chandra' listed (not confirmed as owner). Added mobile 8466043253 found on source. Strong fit for imaging report software.",,Y,verified,https://www.justdial.com/Hyderabad/Suman-Diagnostic-Centre-Near-Anutex-Opposite-ZPHS-Malkajgiri/040P1232803001K4K6V4_BZDET | https://www.sulekha.com/suman-scan-centre-malkajgiri-hyderabad-contact-address | https://www.practo.com/hyderabad/clinic/suman-scan-centre-diagnostic-malkajgiri,,,,
1,11,Medcare Diagnostic Services & Multispeciality Clinic,"Manikonda (Alkapur/Alapoor Township, Rd No.22) - plus Shaikpet (O.U. Colony) & Raidurg branches",,"040-2356 4777, 9849776136, 7032518833, 7032518844",,info@medcareindia.in,http://www.medcareindia.in,Yes,high,"Pathology/blood tests, specialty tests, imaging (ultrasound, X-ray, CT), consultations - multispeciality clinic","Confirmed independent 3-branch group (Shaikpet, Manikonda/Alkapur, Raidurg), established 2011, own website with patient login/report portal. Good multi-branch fit: pitch centralized LIS + shared report portal across branches. Note per their own contact page the 'Beside Bheemas Hotel, O.U. Colony' address is the Shaikpet branch; Manikonda is the Alkapur Township Rd No.22 branch.",Y,Y,verified,http://www.medcareindia.in/contact.php | https://www.diagnosticcentres.in/diagnostic-centres/telangana/hyderabad/medcare-diagnostic-services-and-multispeciality-clinic.html | https://www.practo.com/hyderabad/clinic/medcare-diagnostics-and-clinics-shaikpet | https://www.sulekha.com/medcare-diagnostic-services-manikonda-hyderabad-contact-address | https://www.justdial.com/Hyderabad/Medcare-Diagnostic-Services-and-Multispeciality-Clinic-Beside-Bheemas-Hotelo-U-Colony-Manikonda/040PXX40-XX40-130918130043-Q1Q9_BZDET,,,,
1,11,Mohans Health Care,"Mehdipatnam (Gudimalkapur, veg market circle, beside Vijaya Bank)",Mrs. Lavanya (Chairman); Mr. P. Meghanath (President & CEO),9290453026,,mohanshealthcare23@gmail.com,mohanshealthcare.co.in,Yes,high,Diagnostic + outpatient lab/clinic; corporate & TPA annual health checkups (alt 040 6460 3026),All contacts confirmed verbatim on the official site. Runs corporate/TPA bulk checkups - pitch batch report generation + TPA billing/reporting module; named owners make direct outreach easy. Registered 2007.,Y,Y,verified,https://mohanshealthcare.co.in/,9290453026,,,Listed mobile likely = owner's own line (owner-run) - call & ask for Mrs. Lavanya.
1,11,3M Diagnostic Centre,"Mehdipatnam (Sakina Complex, Mehdipatnam X Road, beside old Prince Hotel, 500028)",,"040 6461 2722, 9296856601",,,,Yes,high,"EEG, X-Ray, Ultrasound (USG), CT Scan, blood tests, health packages","Well-established independent centre operating since ~1988, ~840+ reviews — NOT small; it runs imaging (X-Ray/USG/CT/EEG) AND pathology in-house, so a strong fit for a unified scan+lab reporting/print system. Added confirmed mobile 9296856601. COULD NOT verify the claimed separate 'Tolichowki point' — treat as single main branch until confirmed. No own website.",,Y,verified,https://www.healthcareontime.com/diagnostic-centres/telangana/hyderabad/3m-diagnostic-centre-mehdipatnam/ | https://www.diagnosticcentres.in/diagnostic-centres/telangana/hyderabad/3m-diagnostic-centre.html | https://www.justdial.com/Hyderabad/3m-Diagnostic-Centre-Beside-Old-Prince-Hotel-Mehdipatnam/040PNE00370_BZDET | https://www.mediyaar.com/hyderabad/labs/3m-diagnostic-centre-mehdipatnam.html | https://www.bharatibiz.com/en/m-diagnostics-mehdipatnam-070327-03434 | https://www.mediyaar.com/hyderabad/labs/3m-diagnostics-toli-chowki.html,,,,
1,11,Sree Krishna Diagnostic Center,"Miyapur (beside Tirumala Hospital, near BSNL exchange)",,+91 83414 64669,,,,Yes,high,"Pathology, blood/urine/stool tests, X-ray, barium, KFT, health checkups; doorstep sample pickup and online reports","Verified on magicpin (verified listing) and JustDial. Phone +91 83414 64669 confirmed (magicpin shows +918341464669). Address beside Tirumala Hospital, near BSNL exchange, Miyapur, hours 9am-9pm. NOTE: magicpin displayed a separate WhatsApp 9217002598 that differs from the main line and looks like a magicpin proxy, so I did not adopt it - verify on call before saving. Hospital-adjacent = referral-driven; pitch referral-source tracking and doctor payout/commission reporting.",,Y,verified,https://magicpin.in/Hyderabad/Miyapur/Healthcare/Sree-Krishna-Diagnostic-Center/store/826a93 | https://www.justdial.com/Hyderabad/Sree-Krishna-Diagnostic-Center-Beside-Tirumala-Hospital-Near-Bsnl-Telephone-Exchange-Oppo-Miyapur/040PXX40-XX40-180331115736-U3A7_BZDET,,,,
1,11,Sri Sai Balaji Diagnostic Center,Nagole,,"9248550038, 9948017448",,,,Yes,high,"Full-body checkup packages (92-149 parameters), blood tests, thyroid/diabetic/cardiac/renal profiles, vitamin & allergy panels; home sample collection","Independent single-location Nagole centre at Rd No.3, Jaipuri Colony, 500036. Two owner mobiles listed consistently across mediyaar/sulekha/justdial - no own website, no online reporting, likely manual/spreadsheet workflow. Home-collection is fulfilled via Thyrocare on the mediyaar platform but the centre itself is NOT a Thyrocare branch. Strong opener: free WhatsApp report-delivery trial.",,Y,verified,https://www.mediyaar.com/hyderabad/labs/sri-sai-balaji-diagnostic-center-nagole.html | https://www.sulekha.com/sri-sai-balaji-diagnostic-center-nagole-hyderabad-contact-address | https://www.mappls.com/place-sri+sai+balaji+diagnostic+centre-nagole+jaipur+colony+main+road-nagole-hyderabad-telangana-500068-E16Z7G,,,,
1,11,Edwin Diagnostic Centre,Neredmet,,9392460933,,,,Yes,high,"Pathology / blood & urine tests, full-body checkups, free home collection","Verified: Plot 596, Defence Colony, Neredmet X Roads (pincode listed as 500056 on mediyaar/Justdial, 500094 Sainikpuri on Healthcareontime - same location). Single mobile = owner-operated small lab; pitch entry-level LIS + WhatsApp report delivery. Phone confirmed on source.",,Y,verified,https://www.mediyaar.com/hyderabad/labs/edwin-diagnostic-centre-neredmet.html | https://www.justdial.com/Hyderabad/Edwin-Diagnostics-Beside-Venkateshwara-Cloth-Merchant-Neredmet/040PXX40-XX40-160920105937-V7F5_BZDET | https://www.healthcareontime.com/diagnostic-centres/telangana/secunderabad/edwin-diagnostics/ | https://www.diagnosticcentres.in/diagnostic-centres/telangana/hyderabad/edwin-diagnostics.html,,,,
1,11,Bindu Diagnostic Centre,Neredmet,,9849160512,,,,Yes,high,"Pathology / blood tests, full-body checkups, free home collection","Verified: Plot 38, 30-1596/2, Opp Krupa Complex, Chandragiri Colony, Neredmet 500056. Phone 9849160512 confirmed on cited source (a separate directory shows 9849160603 - unverified variant, kept source number). NOTE: bindudiagnostics.com is a DIFFERENT company (Bindu Diagnostics Pvt Ltd, Darbhanga Bihar) - do NOT use it; this Neredmet lab has no website. Small independent single-doctor lab, open ~7am-2pm; pitch billing + report portal to replace manual registers.",,Y,verified,https://www.mediyaar.com/hyderabad/labs/bindu-diagnostic-centre-neredmet.html | https://www.justdial.com/Hyderabad/Bindu-Diagnostic-Centre-Opposite-Krupa-Complex-Chandragiri-Colony-Neredmet/040P7000055_BZDET,,,,
1,11,Medicure Plus Diagnostic Centre Pvt Ltd,"Rajendra Nagar (Satti Reddy Complex, Hyderguda X Road, beside Apollo Pharmacy) - 500048",,9848050800,,help@medicureplus.in,medicureplus.in,Yes,high,"Lab/pathology, ECG, X-ray, Ultrasound & Doppler, CT Scan, Mammography, OPG (dept-wise timings; alt 9848030625, 9949803555)","Full-service multi-modality centre - bigger than a basic lab: does CT + Mammography + OPG on top of path/USG/X-ray. Already has a basic website, so pitch integrated multi-modality reporting + a real online report portal upgrade. Open 7am-10pm.",Y,Y,verified,https://medicureplus.in/contact-us/,,,,
1,11,Sai Keerthi Diagnostics Centre,"Road No 2, Saptagiri Colony, Vivekataramana Colony, Kukatpally 500072",,9963982564,,,,Yes,high,"Pathology, full body checkups, blood tests, home sample collection (currently free via Thyrocare)",Phone 9963982564 confirmed on mediyaar source page (an earlier search snippet showing ...2655 was wrong). Small independent lab relying on Thyrocare for home collection - pitch own-brand reports + billing so they keep the customer and margin. No website/email found; software-light.,,Y,verified,https://www.mediyaar.com/hyderabad/labs/sai-keerthi-diagnostics-centre-kukatpally.html | https://www.healthcareontime.com/diagnostic-centres/telangana/hyderabad/sai-keerthi-diagnostics-centre/,,,,
1,11,Swetha Diagnostic Centre,Saidabad,,9912843463,,,,Yes,high,"Pathology / blood tests + health checkup packages; Jaya Nagar, Near Andhra Bank, Saidabad (pin 500059). Uses a Thyrocare tie-up for home sample collection.","Independent single-branch lab, mobile-first (one mobile number, no website) = likely paper/register based. Good candidate for WhatsApp report delivery + simple mobile billing.",,Y,verified,https://www.diagnosticcentres.in/diagnostic-centres/telangana/hyderabad/swetha-diagnostic-centre.html | https://www.healthcareontime.com/diagnostic-centres/telangana/hyderabad/swetha-diagnostic-centre/ | https://www.justdial.com/Hyderabad/Swetha-Diagnostic-Centre-Near-Andhra-Bank-Saidabad/040PXX40-XX40-141227095435-M8T3_BZDET,,,,
1,11,Sri Sai Diagnostic Center,"Sainikpuri, Secunderabad",Dr. Ramana,9949223555,,,,Yes,medium,"Blood tests, urine analysis, full-body checkup packages, thyroid/diabetic/cardiac/renal profiles, home sample collection","Exists per single mediyaar listing: 'Back side of Sai Baba Temple, Sainikpuri, 500083', phone 9949223555. Small independent local lab. CAUTION: name is ambiguous in this area (also 'Sri Vijaya Sai Diagnostic' Sainikpuri, and Sri Sai centres in Rasoolpura/Bolarum are DIFFERENT). Only one aggregator source; no website found. The 'Thyrocare partner / no in-house LIS' claim is mediyaar boilerplate, not verified. Valid pitch: no digital presence, phone-only, so lab software + WhatsApp report delivery is a fit.",,Y,verified,https://www.mediyaar.com/secunderabad/labs/sri-sai-diagnostic-center-sainikpuri.html | https://www.medifee.com/dc/7105-sri-sai-diagnostic-centre-(banjara-hills)/ | https://www.healthcareontime.com/diagnostic-centres/telangana/hyderabad/sri-sai-diagnostic-centre-banjara-hills/ | https://www.mediyaar.com/hyderabad/labs/sri-sai-diagnostic-centre-miyapur.html | https://www.sulekha.com/sri-sai-scan-centre-sanjeeva-reddy-nagar-hyderabad-contact-address | https://www.justdial.com/Hyderabad/Sri-Sai-Diagnostic-Centre-Beside-Chandana-Brothers-Lane-Near-Thyagaraya-Ganasabha-Chikkadpally/040PXX40-XX40-131116125745-R3B2_BZDET | https://www.practo.com/hyderabad/clinic/sri-sai-diagnostic-centre-chikkadpally/about | https://www.diagnosticcentres.in/diagnostic-centres/telangana/hyderabad/sri-sai-diagnostics-centre.html,9949223555,,,Listed mobile likely = owner's own line (owner-run) - call & ask for Dr. Ramana.
1,11,Serum Medicare Diagnostics,Sanathnagar (Moti Nagar),Yusuf (listed as Owner on IndiaMart),040 3301 8738,,,,Yes,high,"Pathology + X-ray under one roof; directory/IndiaMart list blood, urine, X-ray, and imaging (USG/CT/MRI referral). Est. ~2007. Plot 8-3-228/678/1368, Sri Ram Nagar, near Masjid Lane, Moti Nagar, Sanath Nagar - 500018","Strongest scan+X-ray case of the batch: IndiaMart lists X-ray services and Justdial lists it as 'Serum Diagnostics & Scaning Centre'. ~18 yrs in operation, owner Yusuf, landline verified, no website - pitch a single dashboard for lab + imaging reports plus billing.",,,verified,https://www.diagnosticcentres.in/diagnostic-centres/telangana/hyderabad/serum-medicare-diagnostics.html | https://www.indiamart.com/serum-medicare-diagnostics-hyderabad/ | https://www.justdial.com/Hyderabad/Serum-Medicare-Diagnostics-Near-Masjid-Lane-Moti-Nagar/040PXX40-XX40-130811000804-A6Z5_BZDET,,,"Est 2006. Proprietor M Yousuf confirmed on IndiaMART. Pathology, X-ray, blood testing, Sri Ram Nagar, Moti Nagar, Sanath Nagar.","IndiaMART https://www.indiamart.com/serum-medicare-diagnostics-hyderabad/ -> 'Call Now' while LOGGED IN reveals proprietor mobile. Else call 040 3301 8738 at 8-9AM, ask for 'Yusuf saab'."
1,11,DBR Diagnostics Services,Santoshnagar / Vinay Nagar (Saidabad),,"040 24332525, 040 64522525, 9849166361, 9848902292, 9966625284",,,,Yes,high,"Pathology + diagnostic services; Door No 17-1-383/S/12, Vinay Nagar Colony, beside Apollo Pharmacy, Saidabad/Santosh Nagar 500059.","Confirmed independent lab (Apollo Pharmacy is only a landmark, not a chain link). All two landlines + three mobiles verified on healthcareontime, diagnosticcentres.in, Medindia and Justdial — multiple lines signal a serious multi-staff operation still on manual reports. Pitch full LIS (accessioning, auto reports, billing, WhatsApp delivery); ask for owner by name on call.",,Y,verified,https://www.healthcareontime.com/diagnostic-centres/telangana/hyderabad/dbr-diagnostics-services-santosh-nagar/ | https://www.diagnosticcentres.in/diagnostic-centres/telangana/hyderabad/dbr-diagnostics-services-santosh-nagar-.html | https://www.justdial.com/Hyderabad/DBR-Diagnostics-Services-Beside-Apollo-Pharmacy-Vinay-Nagar-Colony-Santosh-Nagar/040PGE01624_BZDET,,,,
1,11,R Square Diagnostics,"Shaikpet / Manikonda (OU Colony Youth Club, Manikonda Rd, OU Colony, Shaikpet - 500008)",,"+91 87901 20099, +91 91215 00500",,rsquarediagnostics@gmail.com,https://rsquarediagnostics.com/,Yes,high,"Radiology/imaging (CT, ultrasound, Doppler, X-ray) + pathology/blood tests + health packages. Open 7 days 7:00 AM - 10:30 PM.","Confirmed single-centre independent imaging + lab on Manikonda Rd, own live website + Instagram/Facebook, strong reviews (4.6, ~487). Good integrated fit: pitch combined LIS + radiology reporting with WhatsApp report delivery. Associated doctors Dr. Riyasath Ali (Syed) and Dr. Shailesh Kumar - visiting/associated, not confirmed as owner.",Y,Y,verified,https://rsquarediagnostics.com/ | https://www.mappls.com/place-r+square+diagnostic+centre-ou+colony+youth+club-maniconda+road-ou+colony-shaikpet-hyderabad-telangana-500008-j98dvz | https://www.practo.com/hyderabad/clinic/r-square-health-centre-shaikpet,,,,
1,11,Dr Varsha Diagnostic Services,Tarnaka (HUDA Complex; on the Habsiguda edge),,040-27018253,9949651702,drvershadiagnostics@gmail.com,https://vdslab.wixsite.com/vershadiagnostics,Yes,high,"Pathology, full body / executive / cardiac / thyroid / diabetic profiles, free home collection; open 7 days ~6:30 AM-9:30 PM; Shop 38-41, Ground Floor, HUDA Complex, Tarnaka, 500007. Extra contacts: landline 040-27003753, mobiles 9949651702 / 9849108034.","Established, well-run lab (7-day hours, multiple lines). ALREADY has a basic Wix site + Gmail, so this is NOT a 'no software' cold pitch - reframe as replacing an ad-hoc setup with integrated billing + a proper report portal. Corrected locality: it is really Tarnaka (HUDA Complex, 500007) on the Habsiguda edge, not Habsiguda proper. Name is spelled 'Versha' on their own site vs 'Varsha' in directories.",Y,Y,verified,https://vdslab.wixsite.com/vershadiagnostics/contact | https://www.diagnosticcentres.in/diagnostic-centres/telangana/hyderabad/dr-varsha-diagnostic-services.html | https://www.mappls.com/k4l5kq | https://www.medindia.net/directories/labs/dr-varsha-diagnostic-services-hyderabad-andhra-pradesh-42359-1.htm,,,,
1,11,Biosytech Healthcare Clinic,"Tolichowki (Syeda Arcade, 7 Tombs Road, next to Alexander School), Hyderabad 500008",D Ali (Manager/proprietor per IndiaMART),040 6555 1056,,biosytechhealthcare@gmail.com,biosytechindia.com,Yes,high,"Multispecialty polyclinic + diagnostics/pathology + day care + radiology/ultrasound + COVID RT-PCR (alt lines 040 6457 3131, 9700810282, 9052402034)","Clinic + lab combo taking walk-in and referral patients, with radiology and day care. Runs on a gmail + basic brochure site (biosytechindia.com), no real EMR/LIMS - pitch integrated OP/EMR + lab reporting through one system. NOT the UAE 'Biosytech Medical Laboratory' (biosytech.com) - different entity.",Y,,verified,https://www.medifee.com/dc/7627-biosytech-healthcare-clinic/ | https://www.diagnosticcentres.in/diagnostic-centres/telangana/hyderabad/biosytech-healthcare-clinic.html | https://www.indiamart.com/biosytech-healthcare/ | https://www.justdial.com/Hyderabad/Biosytech-Healthcare-Clinic-Next-To-Alexander-School-Toli-Chowki/040PXX40-XX40-110413215810-G3H8_BZDET,9700810282 / 9052402034 (unconfirmed owner vs reception),biosytechhealthcare@gmail.com,"Syeda Arcade, 7 Tombs Road, Tolichowki. Multi-specialty clinic + diagnostics. FB: facebook.com/BiosytechIndia.",Try mobiles 9700810282 / 9052402034 (on diagnosticcentres.in - one may reach D Ali). Or email biosytechhealthcare@gmail.com asking for D Ali. IndiaMART Call Now (logged in) for registered proprietor mobile.
1,11,Trulife Diagnostics (Trulife Multispeciality Clinic & Diagnostic Center),"Tolichowki (near IBM Hospital / MD Lines, Moti Darwaza Road, Minar Colony), Hyderabad 500008",,8186962516,,info@trulifediagnostic.com,trulifediagnostic.com,Yes,high,"Multispeciality clinic + diagnostics: clinical pathology / lab tests, radiology & scans","Real, digitally receptive Tolichowki centre with its own live website (radiology + lab tests pages) and Practo/JustDial listings. Already running a site, so pitch WhatsApp report delivery + online test booking on top of their LIS. Secondary line also seen: 9009009956.",Y,Y,verified,https://trulifediagnostic.com/ | https://www.practo.com/hyderabad/clinic/trulife-diagnostic-center-tolichowki-2 | https://www.justdial.com/Hyderabad/Trulife-Diagnostics-Near-Twilight-Dimensions-Akbar-Pura-Toli-Chowki/040PXX40-XX40-150526213105-N9F7_BZDET | https://www.mediyaar.com/hyderabad/labs/trulife-diagnostics-toli-chowki.html,,,,
1,11,Vasavi Diagnostics Centre,Uppal,,040-27202986 / 9848371143,,,,Yes,high,"Pathology / blood tests (Fasting Sugar, Cholesterol, Liver, CBC, TSH, Urine, ESR etc), health checkup packages; H.No.6-106, Main Road, Uppal","Independent walk-in lab, landline + mobile, no website - ripe for digitisation; pitch billing + report auto-delivery. Treat any Thyrocare tie-up as unconfirmed (see issues).",,Y,verified,https://www.diagnosticcentres.in/diagnostic-centres/telangana/hyderabad/vasavi-diagnostics-centre.html | https://www.healthcareontime.com/diagnostic-centres/telangana/hyderabad/vasavi-diagnostics-centre/ | https://www.mediyaar.com/hyderabad/labs/vasavi-diagnostics-centre-uppal.html | https://www.sulekha.com/vasavi-diagnostic-centre-uppal-hyderabad-197488-contact-address,,,,
1,11,Aquats Path Labs (Aquats Path Labs India Pvt Ltd),"Uppal (H.No 2-17-42, 1st & 2nd floors, Bank Colony Main Road, 500039)",,"+91 9063906319, +91 9063906329",,info@aquatspathlabs.com,https://aquatspathlabs.com/,Yes,high,"Full reference lab - hematology, clinical pathology, biochemistry, microbiology, immunology/serology, cytogenetics, molecular biology, histopathology; 15,000 sq ft, markets 8000+ samples/day","CORRECTION to original note: they DO run a portal/login system (patient/partner login at signup.aquatspathlabs.com), so 'no visible LIS' is WRONG. Large, sophisticated B2B reference lab rated 4.9 (69 reviews on Justdial), registered Pvt Ltd company. LOW priority for a core LIS pitch - likely already software-enabled; only viable angle is a differentiated B2B partner-portal. Verify current stack on call.",Y,Y,verified,https://aquatspathlabs.com/ | https://www.justdial.com/Hyderabad/Aquats-Path-Labs-Uppal/040PXX40-XX40-230518060235-S2C3_BZDET | https://aquatspathlabs.com/about.html,,,,
1,11,Apple Diagnostic & Medical Centre,"Vivekananda Nagar Colony Main Road, Sumitra Nagar Colony, Kukatpally 500072","Dr. Prasad Allamaraju (MD, Avanthi Health Care Pvt Ltd)",040 6529 6669,,helpdesk@appledc.in,https://appledc.in,Yes,high,"Pathology, health checkups, corporate wellness, home health care, hospital lab management, clinical research support; established 2004","CORRECTION to original note: this is NOT a software-lacking lead. It already runs its own website (appledc.in), advertises real-time web-based reports/data access, and operates 4+ centres in 4+ Telangana areas under MD Dr. Prasad Allamaraju (25+ yrs). Independent of the big chains but a digitally mature local mini-chain - pitch as an integration/upgrade or multi-branch consolidation, not a first-time software sale. Phone 040 6529 6669 confirmed across directories; email helpdesk@appledc.in from their own site.",Y,,verified,https://appledc.in/aboutus.html | https://www.diagnosticcentres.in/diagnostic-centres/telangana/hyderabad/apple-diagnostic-medical-centre.html | https://www.healthcareontime.com/diagnostic-centres/telangana/hyderabad/apple-diagnostic-and-medical-centre.html,,helpdesk@appledc.in,"Founded 2004, Kukatpally. Dr. Prasad Allamaraju 25+ yrs, ex-Apollo & Care Hospitals. MD of Avanthi Health Care (Apple Diagnostic network 4+ centres). NOTE: 4+ centre chain - borderline, verify size before pitching as small independent.",Email helpdesk@appledc.in to Dr. Prasad Allamaraju. Call 040 6529 6669 at 8-9AM ask for Dr. Prasad. LinkedIn 'Prasad Allamaraju Avanthi Healthcare' may surface direct connect.
1,11,Apple Diagnostic & Medical Centre,"Vivekananda Nagar, Kukatpally (HQ; also Bachupally, Mahbubnagar, Nalgonda)","Dr. Prasad Allamaraju (MD, Avanthi Health Care Pvt Ltd)",+91 80088 04014,,helpdesk@appledc.in,https://appledc.in,Yes,high,"Pathology, imaging, health checkups, corporate wellness, clinical research, PLUS hospital lab management + franchise services. Operating since 2004 (20+ yrs), HQ Vivekananda Nagar Kukatpally 500072, 4 branches.","LOW PRIORITY / partnership only. Confirmed on their own site: 4 branches, hospital-lab-management as a service, and an active franchise program (franchise/corporate contact 'Rakesh', rakesh@appledc.in, +91 90003 90078). A group that sells lab-management + runs 4 branches almost certainly already has its own LIMS - not a fresh software sale. Not a branch of any named big chain, so 'independent' true, but it is effectively its own mini-chain.",Y,Y,verified,https://appledc.in/contactus.html | https://appledc.in/aboutus.html | https://www.diagnosticcentres.in/diagnostic-centres/telangana/hyderabad/apple-diagnostic-medical-centre.html,,,,
1,11,Ambicare Clinics & Diagnostic Centre,"Whitefields, Kondapur, Hyderabad",US-trained founder doctors,"040-45067788, 8688878899",,,https://ambicareclinics.com,Yes,high,"Speciality consultations (thyroid, diabetes, metabolic, cardiac), diagnostics, corporate wellness health checks","Both phone numbers confirmed on their own contact page. NOTE: current site lists address as 'Cult Fit building, SBI Bank lane, Miyapur-Gachibowli Rd, Whitefields' (may have relocated from opp. Botanical Gardens) - still Whitefields Kondapur. Self-described small group founded 2010 by US-returned doctors, ~50 consultants, runs corporate wellness panels; pitch package/B2B billing + corporate report portal. No email published; leave blank.",,Y,verified,https://ambicareclinics.com/contact-us.php | https://www.diagnosticcentres.in/diagnostic-centres/telangana/hyderabad/ambicare-clinics-diagnostic-centre.html | https://ambicareclinics.com/ | https://www.mediyaar.com/hyderabad/labs/ambicare-clinics-diagnostic-centre-kondapur.html,8688878899,,,Listed mobile likely = owner's own line (owner-run) - call & ask for US-trained founder doctors.
2,10,Sai Baba Scan & Diagnostic Centre,Amberpet,Sirisha,9246390241,,,,No,unverified,"Ultrasound scans, diagnostic imaging, blood tests",Scan-focused centre at 6 No X Road junction; pitch USG-report digitalisation and WhatsApp patient-delivery.,,Y,scrape,https://www.sulekha.com/sai-baba-scan-diagnostic-centre-amberpet-hyderabad-contact-address | https://www.mediyaar.com/hyderabad/labs/sai-baba-scan-and-diagnostio-centre-amberpet.html,9246390241,,,Listed mobile likely = owner's own line (owner-run) - call & ask for Sirisha.
2,10,Dr's Speciality Diagnostics,Ameerpet,,+91 92461 51307 / +91 92461 51308,,,,Yes,high,"Pathology - hemogram, lipid, thyroid, diabetes, liver, kidney, vitamin panels; health checkup packages (from ~Rs.949). 8-3-945/B/2, lane opp JC Brothers, beside New Science College / Image Hospital lane, Ameerpet, 500073.","Independent path lab in the Ameerpet diagnostics lane; two mobiles (9246151307/08) confirmed across JustDial, IndiaMart, Sulekha, Medifee (4.2/5, 39 reviews). The 040 6060 6072 landline from the scrape could NOT be independently confirmed - dropped it, keep only the verified mobiles. No website - lead with digital reports + billing.",,Y,verified,https://www.diagnosticcentres.in/diagnostic-centres/telangana/hyderabad/dr-s-speciality-diagnostics.html | https://www.justdial.com/Hyderabad/DRS-Speciality-Diagnostics-Lane-Beside-New-Science-Collegenear-Anupama-Lodgeopposite-Chennai-Shopping-Mall-Ameerpet/040PXX40-XX40-131008120517-T1Y1_BZDET | https://www.indiamart.com/drs-speciality-diagnostics/,,,,
2,10,Radiance Diagnostics,"Ameerpet / SR Nagar (opp Smart Bazaar, Pillar No A-1081)",,+91 73311 03203 / +91 73867 99951 / +91 73867 99952 / 040 2341 4579,,info@radiancediagnostics.net,https://www.radiancediagnostics.net/,Yes,high,"NABL-accredited radiology & imaging (incl. CT, X-ray), women's health, cardiology, laboratory. A Unit of Radiance Meditech. Main branch 6-3-788/20 Ameerpet + Nallagandla branch (Serilingampally, 24/7 CT/X-ray).","Two-branch NABL imaging+lab - a small local group, NOT one of the big chains. Own contacts page confirms all 3 mobiles + landline 040 23414579 and both branch addresses; email is domain-consistent (info@radiancediagnostics.net, page masked the exact address). Already has a website & mobile lines - upsell integrated multi-branch LIS/RIS + unified billing across both locations.",Y,Y,verified,https://www.radiancediagnostics.net/contacts/ | https://www.justdial.com/Hyderabad/Radiance-Diagnostics-Opposite-Big-Bazar-And-Piller-No-A-1081-Sanjeeva-Reddy-Nagar/040PXX40-XX40-211124152005-C1E1_BZDET | https://www.justdial.com/Hyderabad/Radiance-Diagnostics-Nallagandla-Serilingampally/040PXX40-XX40-230421200558-M5V1_BZDET,,,,
2,10,Seva Diagnostic Centre,Bachupally,,+91 99261 99461,,,https://sevadiagnosticcentre.in,Yes,high,"Pathology (home collection), 2D Echo, ECG, TMT, Sonography, X-ray, thyroid testing, doctor consults, vaccination, corporate wellness","Independent multi-modality centre with its own website + a 2nd Bachupally branch (opp Vasavi Urban). Imaging (2D Echo/X-ray/Sonography/TMT) is done in-house; pathology is pushed as 'nationwide' home collection across 12,000+ PIN codes (likely white-labelled via a national lab). Already has a website, so pitch multi-branch report/billing consolidation and LIS/workflow, not a first-website.",,Y,verified,https://sevadiagnosticcentre.in/ | https://www.justdial.com/Hyderabad/Seva-Diagnostics-Center-2Nd-Branch-Opposite-Vasavi-Urban-Bachupally/040PXX40-XX40-241017000337-K9Z4_BZDET | https://www.practo.com/hyderabad/hospital/seva-diagnostic-centre-bachupally,,,,
2,10,Sri Vijaya Diagnostic Centre,Bachupally (Mallampet),,+91 99123 00895,,,,Yes,medium,"Pathology & diagnostic lab, blood tests, scans/ECG","Genuine small independent 'Pathology & Diagnostic Lab' at No 1-4, Mallampet Road, Bachupally 502325 - DISTINCT from the Vijaya Diagnostic chain (different address/pincode 502325 vs chain's Hi Rise Apartment 500090). Low online footprint (Mappls listing only, no website) suggests no software - good cold-call target.",,Y,verified,https://www.mappls.com/place-sri+vijaya+diagnostic+centre-no+1-4-mallampet+road-bachupally-quthbullapur-hyderabad-telangana-502325-4DF1UO | https://www.mappls.com/4df1uo,,,,
2,10,Helixer Diagnostics,Banjara Hills,Dr. Santosha Kelamane,7093115464,,,,No,unverified,Diagnostic and pathology services,Doctor-owned boutique centre at Road No 12; pitch prescription-to-digital-report workflow; owner Dr. Santosha Kelamane - ask for by name.,,Y,scrape,https://www.justdial.com/Hyderabad/Dr-Santosha-Kelamane-Helixer-Diagnostic-Center-Banjara-Hills/040PXX40-XX40-170125022426-E9V4_BZDET,7093115464,,,Listed mobile likely = owner's own line (owner-run) - call & ask for Dr. Santosha Kelamane.
2,10,Satyasree Clinics & Diagnostics,"Botanical Garden Rd, beside Chirec School, Kondapur, Hyderabad",,"9515344388, 040-48518258",,satyasreehospital@gmail.com,https://satyasreeclinics.com,Yes,high,"Multispeciality consultations, women's health, diagnostics, health packages","Both appointment numbers + Gmail confirmed on own contact page (also lists emergency line 7032088258). Small single clinic-cum-lab using only a Gmail address - pitch branded PDF reports + patient EMR. Practo/Lybrate list 'Dr. Satya Ramya' as a doctor there (name echoes 'Satya Sree') but not stated as owner, so owner left blank.",Y,Y,verified,https://satyasreeclinics.com/contact-us/ | https://www.practo.com/hyderabad/clinic/satyasree-speciality-clinics-and-diagnostic-center-kondapur | https://www.justdial.com/Hyderabad/Satya-Sree-Clinics-Diagnostics-Beside-Chirec-School-Sriram-Nagar-Colony-Kondapur/040PXX40-XX40-161111113510-G7I1_BZDET,,,,
2,10,Anirudh Diagnostics,"Bowenpally (ICRISAT Colony, near Centre Point Hotel), Secunderabad",,"040 2775 7583, 9849876585",,,,Yes,high,"Blood tests, pathology, diagnostic services, full body / senior-citizen / executive checkups; home sample collection; hours 7am-7pm daily","Confirmed independent lab, not a chain. Listed on Justdial, Medifee, Practo, Doctorc, Mediyaar. Mobile 9849876585 verified on BOTH Justdial and Mediyaar; landline 040 2775 7583 from diagnosticcentres.in. No own website found — phone-only, solid target for digital billing + WhatsApp report delivery.",,Y,verified,https://www.diagnosticcentres.in/diagnostic-centres/telangana/hyderabad/anirudh-diagnostics.html | https://www.justdial.com/Hyderabad/Anirudh-Diagnostics-Near-Centre-Point-Hotel-Icrisat-Colony/040PXX40-XX40-161118195146-G4S6_BZDET | https://www.mediyaar.com/hyderabad/labs/anirudh-diagnostics-bowenpally.html | https://www.sulekha.com/anirudh-diagnostic-secunderabad-hyderabad-contact-address,,,,
2,10,Kalinga Diagnostic Centre,"Bowenpally (Sikh Road, Gunrock Enclave), Secunderabad",,040 6564 8100,9246330708,,,Yes,high,"Full body checkups, thyroid/diabetic/vitamin/cardiac profiles, blood tests, home sample collection","Strongly corroborated: 040 6564 8100 matches across mediyaar, healthcareontime and medifee; also on Practo/Sulekha as 'Kalingaa Diagnostic Services'. Address Sikh Road, Gunrock Enclave, Bowenpally 500009. Established independent lab (note a separate 'Kalinga Diagnostic Services' listing exists at Malkajgiri/500003 - likely related/other location). No own website found. Lead with report turnaround + WhatsApp delivery.",,Y,verified,https://www.mediyaar.com/secunderabad/labs/kalinga-diagnostic-centre-bowenpally.html | https://www.healthcareontime.com/diagnostic-centres/telangana/secunderabad/kalinga-diagnostic-centre.html | https://www.medifee.com/dc/7388-kalinga-diagnostic-centre/ | https://www.diagnosticcentres.in/diagnostic-centres/telangana/secunderabad/kalinga-diagnostic-services.html | https://www.sulekha.com/kalinga-diagnostic-services-secunderabad-hyderabad-2177727-contact-address,,,,
2,10,Rajasthani Charitable Poly Clinic & Diagnostic Centre,Charminar,,8333830808 / 9494109449,,rssthyd022@gmail.com,www.rajasthanihospital.com,Yes,medium,"Charitable poly clinic + diagnostics: Digital X-Ray, 2D ECHO/Ultrasound/Doppler, EEG, ECG, lab tests, physiotherapy, home blood-sample collection. Maidan Khan Chowk, Charminar East 500002.","CORRECTION: this centre already runs a LIVE official website (rajasthanihospital.com) with online appointment booking, so the 'lacks software / no website' angle does NOT apply - pitch report/record-management upgrade instead. Phone and email taken from their own site (most authoritative). Charitable/subsidised model = budget-sensitive; lead with a low-cost tier.",Y,Y,verified,https://www.rajasthanihospital.com/ | https://www.mediyaar.com/hyderabad/labs/rajasthani-charitable-poly-clinic-diagnostic-centre-charminar.html,,,,
2,10,Apex Diagnostics And Research Laboratory,Erragadda,,+91 89778 64160,,,https://apexdiagnostics.localo.site/,Yes,high,"Medical laboratory + diagnostic imaging: blood/drug/STD testing, urine, ECG, X-ray, full-body health checkups, home sample collection. Shop 17, Rams Enclave, opp Metro Pillar A973, beside Apollo Pharmacy, Erragadda Main Rd, 500018.","Phone confirmed on own site + JustDial + diagnosticcentres (4.6/5, 342 reviews). 'Established 2000' is self-claimed only. Also surfaces as 'Neo Apex'/neoapexlabs on IndiaMart+Facebook - same small operator, not a chain. Only a free site-builder (localo.site / site123) page online, no email captured - pitch a real patient-report/WhatsApp-delivery + billing portal.",,Y,verified,https://www.diagnosticcentres.in/diagnostic-centres/telangana/hyderabad/apex-diagnostics-and-research-laboratory.html | https://apexdiagnostics.localo.site/ | https://www.justdial.com/Hyderabad/Apex-Diagnostics-And-Research-Laboratory-Opposite-Metro-Pillar-No-A973-Besides-Apollo-Pharmacy-Erragadda/040PXX40-XX40-001119900211-W8O3_BZDET | https://www.facebook.com/neoapexlabs/,,,,
2,10,Nandi Pathology Laboratory & Imaging Centre,"HIG-247, between Road No 2 & 3, Dhanalaxmi Centre, KPHB Colony, Kukatpally 500072",,040 6464 5964,,,,Yes,high,"Pathology / blood tests + imaging (MRI, CT, USG, Doppler, Echo per directory); some panels routed to partner labs (Thyrocare, Aarthi, Redcliffe)","Confirmed at HIG-247 KPHB across 3+ directories; phone 040 6464 5964 solid. Distinct from the separate 'Sri Nandi Diagnostic Centre' in KPHB. Listing shows it forwards some tests to Thyrocare/Aarthi/Redcliffe, so the pitch is own-brand reporting + WhatsApp delivery to keep the sample and margin. No confirmable website/email - likely software-light. (A nandipathology.com domain exists but could not be loaded/verified as theirs, so website left blank.)",,,verified,https://www.diagnosticcentres.in/diagnostic-centres/telangana/hyderabad/nandi-pathology-laboratory-imaging-centre.html | https://www.healthcareontime.com/diagnostic-centres/telangana/hyderabad/nandi-pathology-laboratory-and-imaging-centre/,,,,
2,10,Akshara Diagnostics & Thyrocare Services,"Jeedimetla (Apuroopa Colony, near Jeedimetla Bus Depot Lane, IDA Jeedimetla, 500055)",,9666628459,,smajmule@yahoo.com,,Yes,medium,"Pathology lab: Aarogyam packages (33/58/62/96 parameters, Rs 1000-2500), thyroid/kidney/liver profiles, COVID RT-PCR, free home collection (Thyrocare franchise tie-up)","Phone 9666628459 and email smajmule@yahoo.com CONFIRMED on diagnosticcentres.in; JustDial listing (Apuroopa Colony, Jeedimetla) corroborates existence. This is a Thyrocare FRANCHISEE/collection centre operating under its own 'Akshara Diagnostics' brand - franchisee-owned, not a Thyrocare corporate branch, so treat as independent (but be aware of the Thyrocare tie in the pitch). Personal Yahoo email + single-directory presence = tiny manual operation, almost certainly no software. Good short email-demo target: pitch billing + report automation to replace the manual franchise workflow.",Y,Y,verified,https://www.diagnosticcentres.in/diagnostic-centres/telangana/hyderabad/akshara-diagnostics-thyrocare-services.html | https://www.justdial.com/Hyderabad/Akshara-Diagnostics-Near-Jeedimetla-Bus-Depot-Lane-Jeedimetla/040PXX40-XX40-171111203007-C5R6_BZDET | https://www.facebook.com/thyro108/,,,,
2,10,Bhadra Diagnostics,"KPHB Colony, Road No. 4, Kukatpally",Nageshwar Rao,040 4241 7050,,,,Yes,medium,"Pathology / blood tests, Thyrocare-partnered health packages, home collection via partner labs (MIG 335, Road No. 4, near Remedy Hospital)","Small single KPHB Road-4 collection lab, no website, only a landline; scans/packages referred out to Thyrocare. Clean fit for affordable billing + WhatsApp report-delivery. Contact seen only on aggregator directories.",,,verified,https://www.diagnosticcentres.in/diagnostic-centres/telangana/hyderabad/bhadra-diagnostics.html | https://www.justdial.com/Hyderabad/Bhadra-Diagnostics-Beside-Remedi-Hospital-Kphb-Colony-Ranga-Reddi-Kukatpally/040PXX40-XX40-090418122643-N5P7_BZDET | https://www.mediyaar.com/hyderabad/labs/bhadra-diagnostics-kukatpally.html | https://www.sulekha.com/bhadra-diagnostics-kukatpally-hyderabad-3788268-contact-address,,,"Partnership firm est Oct 2008 (UDYAM-TS-09-0013206). Road No 4, Near Remedy Hospital, KPHB Colony. Blood/urine, ECHO, X-Ray, Mammography. 3.8/5 (371 reviews).","Call 040 4241 7050, ask for Nageshwar Rao. IndiaMART lists contact 'Raghu' behind Call Now; Sulekha shows masked mobile revealable after login."
2,10,Shree Krishna Diagnostics,Kukatpally (KPHB Main Road),,040-48513336 (confirmed); home-collection 6300778878; alt 9849113399 / 8977518991 unverified,,,https://shreekrishnadiagnostics.com,Yes,high,"NABL-certified single-site imaging + lab centre (est. 2017): MRI, CT, Ultrasound, ECG, Echo, X-Ray, blood tests, health checkups. H.No 2-22-298/8/2/A, beside Kalamandir, KPHB Main Rd, HMT Sathavahana Nagar, 500072. Hrs Mon-Sat 7am-10pm.","Confirmed real: own website + address + main landline 040-48513336 match across the site, Sulekha, Healthians, Mappls, D&B. Good fit for modality reporting + online reports. VERIFICATION: the lead's email gopi@poulomi.in could NOT be confirmed on any source, so blanked - do not use it. Sulekha (weak/user-gen) lists a different email 'coporatesreekrishnadaignostics@gmail.com' and an owner 'Mr. Venkat' - both unverified, treat as leads only. No evidence it is a branch of the Poulomi Hospitals chain; presents as an independent NABL centre.",,Y,verified,https://shreekrishnadiagnostics.com/ | https://shreekrishnadiagnostics.com/contactus | https://www.sulekha.com/shree-krishna-diagnostics-kukatpally-hyderabad-contact-address | https://www.mappls.com/9xak89,,,,
2,10,Chandrakala Diagnostic Services,Malkajgiri (East Anandbagh),,9701797813,,,,Yes,high,"Pathology + speciality clinic: full-body checkups, blood tests, general diagnostics (also listed as 'Chandrakala Diagnostic and Speciality Clinic', est. 2009); open Mon-Sat 7-22, Sun 7-13","Confirmed at 25-40/2/1/A, opp Dominos / near Karur Vysya Bank, East Anandbagh, Malkajgiri (500047); mobile 9701797813 corroborated on mediyaar + healthcareontime + sulekha. Single-location neighbourhood diagnostic/speciality clinic, mobile-only contact, no website - fits low-cost SaaS billing + reporting onboarding.",,Y,verified,https://www.mediyaar.com/secunderabad/labs/chandrakala-diagnostic-services-malkajgiri.html | https://www.healthcareontime.com/diagnostic-centres/telangana/secunderabad/chandrakala-diagnostic-services/ | https://www.justdial.com/Hyderabad/Chandrakala-Diagnostic-and-Speciality-Clinic-Opposite-to-Dominosnear-Karur-Vysya-Bank-East-Anandbagh/040PXX40-XX40-100422104354-W1M8_BZDET,,,,
2,10,Sri Sai Krupa Diagnostics,"Moosapet Cross Road, beside Vishal Mart, near Anjaneya X Road, Irrigation Employees Colony, Moosapet 500018",,096408 10108,9640810108,,,Yes,high,Pathology / diagnostic centre with home sample collection; open Mon-Sun 06:00-22:00,Phone +91 9640810108 and Mon-Sun 06:00-22:00 timings CONFIRMED on Mappls listing - highest-confidence lead. Single-branch Moosapet lab with home collection. WhatsApp assumed to be the same number (business line confirmed; WA capability itself not independently verified). Strong fit for WhatsApp report delivery + home-collection tracking pitch.,,Y,verified,https://www.mappls.com/ssdqvd | https://www.justdial.com/Hyderabad/Sri-Sai-Krupa-Diagnostics-Beside-Vishal-Mart-Near-Anjaneya-X-Road-Moosapet/040PXX40-XX40-180906102329-U2B3_BZDET,,,,
2,10,Sri Lakshmi Diagnostic Centre,Nacharam,Tirupati (contact person per Sulekha),9573690548,,,,Yes,high,"Package-heavy path lab: full body checkups (92/96/127/149-parameter tiers), diabetic/thyroid/cardiac/vitamin profiles, free home collection; H No 4-109, HMT Nagar, Nacharam, 500076 (Justdial: near Andhra Bank).","Single mobile-run independent lab, no website/email - pitch WhatsApp report delivery + a package/rate-card feature (they lead heavily with checkup bundles). Number likely doubles as WhatsApp but that is unconfirmed, so left blank.",,Y,verified,https://www.mediyaar.com/hyderabad/labs/sri-lakshmi-diagnostic-centre-nacharam.html | https://www.justdial.com/Hyderabad/Sri-Lakshmi-Diagnostic-Centre-Near-Andhrabank-Hmt-Nagar-Nacharam/040PF006670_BZDET | https://www.medindia.net/directories/labs/sri-lakshmi-diagnostic-centre-hyderabad-andhra-pradesh-42494-1.htm,,,"Authorised Pathcare franchise, MIG 298 Road No.4 near UCO Bank, KPHB. Cash-only, no website, 7 days 8AM-9:30PM. 'Tirupati' = contact-person name only.","Number masked on Sulekha (95*******5). WARNING: 9014499957 (diagnosticcentres.in) is a DIFFERENT Sri Lakshmi (Bhavya Mansion); IndiaMART shows different proprietor 'Sudhakar'. Paths: (1) walk-in MIG 298 Road No.4 KPHB, ask for Tirupati; (2) call PathCare Labs 040-6121-6121, ask for Kukatpally Road No.4 franchise partner."
2,10,Vijetha Diagnostic,"Sainikpuri (Neredmet Rd, Defence Colony), Secunderabad",,9989155977,,,,Yes,medium,"Blood tests, pathology, health checkup packages, imaging/scans, partner-lab home collection","Exists at F.No.595, Neredmet Rd, Defence Colony, Sainikpuri 500056. INDEPENDENT single branch - NOT the Vijaya Diagnostic chain (different name, do not confuse; Vijaya has its own Neredmet branch). PHONE DISCREPANCY: mediyaar shows 9989155977 (kept), but diagnosticcentres.in shows 9989156068 - confirm on first call. No website. The Thyrocare/Aarthi/Redcliffe partner list on the directory is generic boilerplate, not proof of outsourcing. Fit for low-cost in-house catalog + billing + report portal.",,Y,verified,https://www.mediyaar.com/secunderabad/labs/vijetha-diagnostic-sainikpuri.html | https://www.diagnosticcentres.in/diagnostic-centres/telangana/hyderabad/vijetha-diagnostic.html | https://www.medifee.com/dc/9047-vijetha-diagnostic/,,,,
2,10,Vimal Diagnostics,Sanathnagar (Moti Nagar),Imam (contact per Sulekha),040 6999 5819,,,,Yes,medium,"Pathology / blood tests in-house; scans via partner labs. Shop 13-1-104/1/SL/3/NR, Sambhavi Estates, beside Nalanda School, Moti Nagar Main Rd, Sanath Nagar - 500018","Confirmed small single-branch path lab beside Nalanda School with ~34 Justdial reviews and no software/website footprint - straightforward LIS + digital-report starter sale. Likely pathology-only, refers scans out.",,,verified,https://www.diagnosticcentres.in/diagnostic-centres/telangana/hyderabad/vimal-diagnostics.html | https://www.justdial.com/Hyderabad/Vimal-Diagnostics-Beside-Nalanda-School-Moti-Nagar/040PXX40-XX40-100907114652-R6Y4_BZDET | https://www.sulekha.com/vimal-diagnostics-moti-nagar-hyderabad-contact-address,9217002598,,"Independent centre at Sambhavi Estates, Moti Nagar Main Rd. Blood tests, pathology, ultrasound, X-ray, ECG. 'Abdullah Ibrahim' associated per LinkedIn.","9217002598 is the WhatsApp on magicpin for THIS centre (business/owner WhatsApp, not confirmed as Imam's personal). Try WhatsApp first; else 040 6999 5819 ask for Imam."
2,10,Mallikarjuna Diagnostics,"Serilingampally / Lingampally (Papireddy Colony, near Rajiv Swagruha, 500019)",,9985910375,,,,Yes,high,"Blood tests, full-body checkups, diagnostics / pathology","Well corroborated across diagnosticcentres.in, HealthcareOnTime, mediyaar, Medindia and DoctorC - Shop No 1, Papireddy Colony, near Rajiv Swagruha, Serilingampally 500019. Primary phone 9985910375 confirmed on mediyaar (an alt 9985910466 appears in aggregate search; verify on call). Clearly an independent single-shop lab, no website. Straightforward pitch: affordable cloud LIMS, digital reports, WhatsApp delivery. Ignore any 9820/09220 directory-proxy numbers seen elsewhere.",,Y,verified,https://www.mediyaar.com/hyderabad/labs/mallikarjuna-diagnostics-serilingampally.html | https://www.diagnosticcentres.in/diagnostic-centres/telangana/hyderabad/mallikarjuna-diagnostics.html | https://www.healthcareontime.com/diagnostic-centres/telangana/hyderabad/mallikarjuna-diagnostics/,,,,
2,10,Dr Noshina's Speciality Diagnostic Center,Tolichowki,Dr Noshina Arneb,8008083708,,drnoshina@yahoo.co.in,https://drnoshinadiagnostics.in,No,unverified,"Ultrasound, 2D Echo, ECG, X-ray, HSG, infertility scans, lab tests",Doctor-owned USG and infertility specialist centre; pitch digital scan report delivery + referring-doctor portal.,Y,Y,scrape,https://drnoshinadiagnostics.in/contact-us/,8008083708,,,Listed mobile likely = owner's own line (owner-run) - call & ask for Dr Noshina Arneb.
2,9,Delta Hospitals & Diagnostics,AS Rao Nagar,Dr. G. Mohan (radiologist),9000656668,,,https://deltahospital.co.in,No,unverified,"Multispeciality OPD, USG, X-Ray, Pathology",Founder Dr. G. Mohan is a senior radiologist - pitch imaging worklist + lab billing directly to the decision-maker.,,Y,scrape,https://deltahospital.co.in | https://www.justdial.com/Hyderabad/Delta-Hospitals-And-Diagnostics-Lane-Between-Spencers-Beside-Anutex-Shopping-Mall-As-Rao-Nagar/040PXX40-XX40-110818131800-Z7V5_BZDET,9000656668,,,Listed mobile likely = owner's own line (owner-run) - call & ask for Dr. G. Mohan.
2,9,Kranthi Diagnostic Center,"Alwal (Lothkunta, Siddipet Road, opp Model Mission High School), Hyderabad 500015",,9346275726,,,,Yes,medium,"Blood testing, pathology, full body / senior-citizen / executive packages; home sample collection","Confirmed independent Lothkunta lab (Medindia, Medifee, Justdial 'opp Model Mission High School Lothkunta', HealthcareOnTime). Not a chain — distinct from the unrelated 'Kranthi Diagnostics' in KPHB (500072) and the SRL branch in Lothkunta. 9346275726 is the best number but is only on diagnosticcentres.in.",,Y,verified,https://www.diagnosticcentres.in/diagnostic-centres/telangana/hyderabad/kranthi-diagnostic-center.html | https://www.medifee.com/dc/7578-kranthi-diagnostic-center/ | https://www.justdial.com/Hyderabad/Kranthi-Diagnostic-Opposite-Model-Mission-High-School-Lothkunta/040PXX40-XX40-150704145835-X2M2_BZDET,,,,
2,9,L.K.S. Digital Diagnostic Center,"Alwal, Secunderabad",,040 2774 2020,,,,Yes,high,"Pathology lab: blood/urine tests, thyroid/diabetes/lipid/LFT/KFT panels, CBC, ESR, full-body health-checkup packages; home collection with reports (their listings promise emailed/WhatsApp reports).","Independent standalone lab, 1st Floor opp Anubhav Garden, Rajiv Gandhi Rahadari, New Vasavi Nagar, Alwal-500015. Landline confirmed on two directories. Good target: already does manual emailed/WhatsApp reports, so pitch a proper LIS reporting engine + billing to automate it. No own website = software gap.",,,verified,https://www.mediyaar.com/secunderabad/labs/lks-digital-diagnostic-center-alwal.html | https://www.healthcareontime.com/diagnostic-centres/telangana/secunderabad/l-k-s-digital-diagnostic-center.html | https://www.medifee.com/dc/8715-l.k.s.-digital-diagnostic-center/,,,,
2,9,Alwal Diagnostics,"Alwal, Secunderabad",,9849402480,,,,Yes,medium,"Pathology/diagnostic services, health-checkup packages (full body, executive, senior citizen); home blood collection. Listing shows partner-lab tie-ups (Thyrocare/Aarthi/Redcliffe) i.e. it outsources testing.","Owner-run neighbourhood lab, Shop 11-103 Main Rd beside Syndicate Bank, Siddipet Rd, Alwal/Bolarum-500010. Single mobile = likely the decision-maker on the line. Pitch in-house reporting + billing + WhatsApp reports to reduce third-party lab dependence. Verify number on first call.",,Y,verified,https://www.diagnosticcentres.in/diagnostic-centres/telangana/hyderabad/alwal-diagnostics.html | https://www.mediyaar.com/secunderabad/labs.html,,,,
2,9,Spring Diagnostic Center,"Alwal, Secunderabad (13/21, near ICICI ATM, Main Rd / Siddipet Rd, 500015)",,9032659932,,,,Yes,medium,"Pathology / blood tests, full-body checkup packages, gender- and condition-specific profiles (diabetic, thyroid, PCOD, cardiac, renal, smokers/food-intolerance panels), home collection","Independent Alwal lab on Siddipet Rd; phone and address corroborated on mediyaar, Sulekha and search. Source shows tests run through Thyrocare's home-service program, i.e. it outsources processing and rides Thyrocare's reporting - pitch own-brand reporting + billing so they own the patient relationship. Verify mobile on first call.",,Y,verified,https://www.mediyaar.com/secunderabad/labs/spring-diagnostic-center-alwal.html | https://www.sulekha.com/spring-diagnostic-center-alwal-hyderabad-contact-address,,,,
2,9,Sai Gayathri Diagnostic Center,"Bachupally (Flat G2, KRCR Colony, near Sai Baba Temple, 500090)",,07969122932,,,,Yes,medium,Diagnostic centre with home blood collection; also a Redcliffe Labs collection point (outsources tests to Redcliffe),"CONFIRMED existing independent centre (Justdial + Redcliffe centre page), rare non-chain in chain-heavy Bachupally. It outsources samples to Redcliffe -> ideal fit for outsourced-test billing + outside-lab payables tracking. CAUTION: the only public number, 07969122932, is a Redcliffe-routed tracking line on their Redcliffe page, not confirmed as the centre's own direct line - the Justdial number is masked. Pull the direct line via Justdial/walk-in before pitching. No real email (Redcliffe page shows a placeholder).",,Y,verified,https://redcliffelabs.com/centre/redcliffe-labs-collection-center-sai-gayathri-diagnostic-center-diagnostic-centre-bachupally-bachupally-188815/Contact-Us | https://www.justdial.com/Hyderabad/Sai-Gayathri-Diagnostic-Sai-Baba-Temple-Bachupally/040PXX40-XX40-220430164902-R6N4_BZDET,,,,
2,9,Krithik Diagnostic Centre,Boduppal,,6303564427 / 9347688806,,kannachary806@gmail.com,https://krithik-diagnostic-centre.business.site,Yes,medium,"Imaging + cardiology (claimed): MRI, CT scan, Ultrasound, Digital X-ray, EEG, ECG, PFT, 2D-Echo; 9/E Siddivinayaka Colony, Chithari Nagar, Boduppal, 500092","Existence confirmed on two sources (diagnosticcentres.in + doctorc.in home-collection listing). Phone + gmail are single-sourced (diagnosticcentres.in only) - not independently corroborated. The listed website krithik-diagnostic-centre.business.site is DEAD (returns 404; Google shut business.site down), so blanked - centre effectively has no working digital presence, which is a strong software/report-delivery pitch. Verify MRI/CT is genuinely in-house vs outsourced (a small residential-colony address doing full in-house MRI+CT is doubtful).",Y,Y,verified,https://www.diagnosticcentres.in/diagnostic-centres/telangana/hyderabad/krithik-diagnostic-centre.html | https://doctorc.in/how-to/book-home-visit-appointment-from-krithik-diagnostic-centre/,,,,
2,9,Galaxy Diagnostic Center,"Bowenpally, Secunderabad (9-1-18/2, Jamia Masjid Rd, beside Masjid, 500011)",,"9290132151, 9393060007",9393060007,,,Yes,medium,"Pathology / blood tests, full-body checkups, senior-citizen and gender/condition-specific profiles, home sample collection","Independent owner-operator neighbourhood lab; same two mobile numbers and Bowenpally address match across two directories. Source shows tests fulfilled via Thyrocare - it outsources processing and lacks its own reporting, so pitch WhatsApp report delivery + simple billing to replace manual registers. NOTE: a galaxydiagnostic.com site exists but I could NOT confirm it belongs to this Bowenpally lab, so it is not attached.",,Y,verified,https://www.diagnosticcentres.in/diagnostic-centres/telangana/hyderabad/galaxy-diagnostic-center-bowenpally-.html | https://www.healthcareontime.com/diagnostic-centres/telangana/secunderabad/galaxy-diagnostic-center-bowenpally/ | https://www.mediyaar.com/hyderabad/labs/galaxy-diagnostic-center-malakpet.html | https://www.diagnosticcentres.in/diagnostic-centres/telangana/hyderabad/galaxy-diagnostic-center.html,,,,
2,9,Shine Diagnostic and Scan Centre,Charminar,,9346799855,,shine.diag@gmail.com,https://shinediagnosticsandscancentre.com,No,unverified,"Pathology (CBC, LFT), ultrasound, diagnostic imaging; home collection; e-reports within 1 hour",Has website and offers 1-hour e-reports - likely managing delivery manually via email/PDF; pitch structured patient portal + auto-dispatch.,Y,Y,scrape,https://www.drlogy.com/hyderabad/lab/shine-diagnostic-and-scan-centre | https://www.justdial.com/Hyderabad/Shine-Diagnostic-and-Scan-Centre-Near-Bus-Stop-Charminar/040PXX40-XX40-201117000025-I4H3_BZDET,,,,
2,9,Radhika Diagnostic Centre,Dilsukhnagar,,040 6663 7112,,,,Yes,high,"Blood tests, full-body checkups (e.g. 127-param executive package), thyroid/diabetic/cardiac/renal/vitamin/allergy/PCOD profiles, free home sample collection (via Thyrocare). Shop No. 3-6-236/5, adjacent to Dilsukhnagar Bus Depot, next to Kanaka Durga Temple, Gaddiannaram, Dilsukhnagar, 500060.","Phone 040 6663 7112 and bus-depot address confirmed on source plus Practo/Lybrate/1mg listings; also has a Facebook page (no standalone website). High walk-in footfall spot next to the bus depot, likely paper registers - pitch fast billing + auto report printing + WhatsApp delivery. Independent (not a chain branch).",,,verified,https://www.mediyaar.com/hyderabad/labs/radhika-diagnostic-centre-dilsukhnagar.html | https://www.practo.com/hyderabad/clinic/radhika-diagnostic-centre-dilsukh-nagar | https://www.facebook.com/RadhikaDiagnosticCentre/,,,,
2,9,Star Health Care,East Marredpally (Secunderabad),,040 6462 1818,,,,Yes,high,"Polyclinic + pharmacy + pathology lab: full-body checkups, blood tests, cardiac/thyroid/vitamin/diabetic profiles; free home sample collection; reports via email/WhatsApp in 24-48h","Confirmed at 10-3-32/9/15, next to Shenoy Nursing Road, beside Deena Bank, East Marredpally (500026); phone 040 6462 1818 corroborated on mediyaar + justdial. NOT the Star Hospitals chain - this is an independent 'Star Health Care Pharmacy Poly Clinic Path Lab' (also has a Facebook page). It is a polyclinic+pharmacy, a bit bigger than a bare lab; runs Thyrocare-networked tests but is its own business, no website. Lybrate lists a Dr. Sunil Lahoti at a same-named clinic but owner is unconfirmed. Pitch billing + report-delivery SaaS.",,,verified,https://www.mediyaar.com/secunderabad/labs/star-health-care-marredpally.html | https://www.healthcareontime.com/diagnostic-centres/telangana/secunderabad/star-health-care-pharmacy-poly-clinic-path-lab/ | https://www.justdial.com/Hyderabad/Star-Health-Care-Beside-Shenoy-Nursing-Road-Beside-Dena-Bank-East-Marredpally/040PXX40-XX40-111025163559-J5G5_BZDET,,,,
2,9,Aditya Diagnostics and Research Laboratory,Erragadda,"Dr. A. Saraswathi Devi (Ph.D., Biochemistry; founder)",040 2381 7362,,,https://adityalabs.com,Yes,high,"Biochemistry, pathology, radiology; blood & urine tests, full body check-ups, preventive screenings","CORRECTION: the lead's 'landline only, no website - first LIS pitch' is WRONG. NABL-accredited, specialist-led lab (founded 2000) with its own website adityalabs.com and a SECOND lab in KPHB (040 4350 0918). Erragadda phone 040 2381 7362 confirmed on their own site. Already partly digitised - pitch multi-lab report/billing consolidation or an upgrade, not a starter website.",,,verified,https://adityalabs.com/contact/ | https://adityalabs.com/about-us/ | https://www.diagnosticcentres.in/diagnostic-centres/telangana/hyderabad/aditya-diagnostics-and-research-laboratory.html,7569015890,adityalabs@yahoo.co.in,"Founded 2000 by Dr. A. Saraswathi Devi (PhD Biochemistry). Ex: 8 yrs Immuno-diagnostics at NIMS, 5 yrs QA Manager Dr. Reddy's Labs Diagnostics. NABL labs at Erragadda + KPHB.","Call owner mobile 7569015890, explicitly tied to Dr. A. Saraswathi Devi on Sulekha, cross-confirmed on indiancattle.com. Email adityalabs@yahoo.co.in."
2,9,Curie Diagnostics,"Habsiguda (H.No 7-24-18, Street No 8, behind Canara Bank, 500007)",,040 2717 6085,,,,Yes,high,"Pathology lab - blood tests, full-body/senior-citizen/executive health checkups, diagnostic services","Well-verified: Justdial confirms established 2013, rated 4.3 (22 reviews), 'behind Canara Bank, Habsiguda', plus listings on diagnosticcentres.in/healthcareontime/mediyaar/doctorc/Medindia. Independent Habsiguda pathology lab with no website - good software-lite target; pitch upgrade from manual registers to LIS + doctor/patient report portal. NOTE: diagnosticcentres.in lists an alternate mobile 9246346085 (possible WhatsApp) - verify on call; the 040 2717 6085 landline is the Justdial-confirmed primary.",,,verified,https://www.justdial.com/Hyderabad/Curie-Diagnostic-Centre-Behind-Canara-Bank-Habsiguda/040PXX40-XX40-150803173259-S1I3_BZDET | https://www.diagnosticcentres.in/diagnostic-centres/telangana/hyderabad/curie-diagnostics.html | https://www.healthcareontime.com/diagnostic-centres/telangana/secunderabad/curie-diagnostics/,,,,
2,9,Sri Laxmi Diagnostic Centre,"Habsiguda (Plot 102, Street No 8, Ravindra Nagar, near Tarnaka, 500007)",,9949836083,,,,Yes,medium,"Blood tests, pathology, full-body & senior-citizen health checkup packages, home collection","CAUTION: existence confirmed only via aggregator directories (diagnosticcentres.in + Medindia) - no own website, no Justdial/reviews found, phone appears on a single directory. The 'sends tests to Thyrocare/Aarthi/Redcliffe/Orange/Niramay' line is generic aggregator boilerplate repeated across many diagnosticcentres.in listings, NOT verified as this lab's actual practice - confirm the outsourcing angle on call before pitching the outside-lab payables module. Small collection/pathology lab; software-lite (no site) so still a plausible target.",,Y,verified,https://www.diagnosticcentres.in/diagnostic-centres/telangana/hyderabad/sri-laxmi-diagnostic-centre.html | https://www.medindia.net/directories/labs/sri-laxmi-diagnostic-centre-hyderabad-andhra-pradesh-42587-1.htm,,,,
2,9,Asian Diagnostic Center,"Jeedimetla / Chinthal - listings vary: 1st Floor MCP Arcade, IDPL X Road, opp Indian Oil pump, Sowbhagya Nagar 500055 AND Bhavani Complex, Jeedimetla Main Rd, Ranga Nagar, Chinthal 500037/500054",Dr. Krishna (contact person per Sulekha),040 2317 0154,,,,Yes,medium,"Pathology (blood tests, full-body checkups, health packages) plus imaging per some listings; open ~6:30 AM - 7 PM daily; ties to Thyrocare/Aarthi/Redcliffe partner labs for home collection","Centre exists and is independent; contact person Dr Krishna confirmed on Sulekha. CONTACT CORRECTED: the lead's mobile 9948587006 could NOT be confirmed (Sulekha masks a claimed number ending in 7, not 6). The numbers 09220145540 and 9820693367 shown on HealthcareOnTime are that aggregator's national/Mumbai booking lines, NOT the centre - do not use. The landline 040 2317 0154 (diagnosticcentres.in) is the most location-consistent candidate; verify live on the call. Multiple/differing addresses across listings suggest a relocation or two points. Long daily hours = likely high walk-in volume; pitch queue/worklist + auto TAT + digital reports.",,,verified,https://www.diagnosticcentres.in/diagnostic-centres/telangana/hyderabad/asian-diagnostic-center.html | https://www.sulekha.com/asian-diagnostic-center-chintal-hyderabad-contact-address | https://www.healthcareontime.com/diagnostic-centres/telangana/hyderabad/asian-diagnostic-center/ | https://www.justdial.com/Hyderabad/Asian-Diagnostic-Centre-Malakpet/040PXX40-XX40-210602115723-X5A7_BZDET,,,"Independent, Bhavani Complex, IDPL X Road / Jeedimetla Main Rd, Chinthal. Est ~2013-14. Blood tests, ultrasound, X-ray, endoscopy, allergy testing.","Call 040 2317 0154, ask for Dr. Krishna (owner). WARNING: 09220145540 / 9820693367 on healthcareontime are aggregator booking lines, NOT the owner."
2,9,Sri Krishna Diagnostic Centre,"Kachiguda (Shop 3-4-67, opp Raghavendra Swamy Temple, Lingampally), 500027",,"9849665507, 9032672992",,,,Yes,medium,"Pathology / blood tests, full-body health checkups, home collection. Open Mon-Sat 07:00-21:00.","Independent, owner-run neighbourhood lab; existence corroborated by a JustDial listing ('Sri Krishna Clinic & Diagnostic Centre, opp Sri Raghavendra Swamy Temple Lane, Kachiguda') plus healthcareontime/diagnosticcentres, all matching the 3-4-67 Lingampally address. Two mobile lines and no website = owner-managed - pitch a simple LIS + WhatsApp report delivery.",,Y,verified,https://www.mediyaar.com/hyderabad/labs/sri-krishna-diagnostic-centre-kachiguda.html | https://www.healthcareontime.com/diagnostic-centres/telangana/hyderabad/sri-krishna-diagnostic-center/ | https://www.justdial.com/Hyderabad/Sri-Krishna-Clinic-And-Diagnostic-Centre-Opposite-Sri-Raghavendra-Swamy-Temple-Lane-Kachiguda/040PXX40-XX40-170322130114-T8Q5_BZDET,,,,
2,9,Sai Ram Diagnostic Centre,Kothapet,,040 3052 4774,,,,Yes,high,"Standard checkup packages (full-body, thyroid/diabetic/cardiac/renal/lipid profiles, vitamins, urine analysis) + free home sample collection. Listing states it 'operates through Thyrocare', i.e. a collection point that outsources actual testing.","CONFIRMED at Plot 39, Ushodaya Apts, beside South Indian ATM, Huda Colony, Saroornagar/Kothapet 500035. Phone corroborated on two directories (mediyaar + diagnosticcentres.in both list 040 3052 4774 and a second mobile 9160214774). Independent single centre, no website, phone-only, Thyrocare collection point - strong pitch for report/LIS software with home-collection order tracking. Do NOT confuse with the separate Sai Ram Diagnostic Center in Dilsukhnagar (website sairamdiagnosticcenter.com, 09000289686).",,,verified,https://www.mediyaar.com/hyderabad/labs/sai-ram-diagnostic-centre-kothapet.html | https://www.diagnosticcentres.in/diagnostic-centres/telangana/hyderabad/sai-ram-diagnostic-centre.html,,,,
2,9,Vijay Diagnostic Center,Kothapet,,9866670649,,,,Yes,medium,"Full-body checkup packages, diabetic/thyroid/cardiac/renal & vitamin profiles, food-intolerance panel, PCOD & hairfall screening, urine analysis, free home collection. Package menu is templated Thyrocare/Aarogyam (Aarogyam Male/Female listed) - i.e. outsources testing.","CONFIRMED as a real independent single centre near/opposite Reliance Fresh, Nagole Cross Road, Adarsh Nagar Colony, Kothapet/Nagole 500035 (also on Practo & Justdial). NAME-COLLISION WARNING: 'Vijay' NOT the corporate 'Vijaya Diagnostic' chain - genuinely independent, good target. No website, phone-only, likely no in-house software.",,Y,verified,https://www.mediyaar.com/hyderabad/labs/vijay-diagnostic-center-kothapet.html | https://www.diagnosticcentres.in/diagnostic-centres/telangana/hyderabad/vijay-diagnostic-center.html,,,,
2,9,Rakth Diago Care,Kukatpally,,"040 6456 0303, 9290204896",,,,Yes,medium,"Blood testing, pathology, diagnostic services; health-checkup packages routed to partner labs (Thyrocare/Aarthi/Redcliffe etc.); home sample collection","Small independent collection/diagnostic point on Pipe Line Road, Kukatpally 500072 (near HUDA Park / Hanuman Temple). Confirmed on Justdial, Mappls and diagnosticcentres. Hours Mon-Sat 7a-9p, Sun 7a-1p. Mostly a routing/collection outfit - good low-end target for basic LIS + report delivery. Ignore any +9110090xxxx numbers in listings (those are Aarthi's); use the verified landline/mobile.",,Y,verified,https://www.diagnosticcentres.in/diagnostic-centres/telangana/hyderabad/rakth-diago-care.html | https://www.justdial.com/Hyderabad/Rakth-Diago-Care-Near-Huda-Park-Beisde-Hanuman-Temple-Kukatpally/040PXX40-XX40-150908151229-N3Q9_BZDET | https://www.mappls.com/place-rakth+diago+care-pipeline+road-vijaya+nagar+colony-kukatpally-hyderabad-telangana-500072,,,,
2,9,Bapu Diagnostic Centre,Kukatpally (Janapriya West City Road),,"9849139097, 9849712187",,,,Yes,medium,"Small blood-collection / pathology lab running health-checkup packages via franchise partners (Thyrocare, Aarthi, Redcliffe, Orange Health, Niramay, Nueclear). Janapriya West City Road, Mahodaya Enclave, Kukatpally, 500049.","Both mobile numbers (9849139097, 9849712187) match exactly on the source listing. Two-mobile-line collection centre on the Nizampet/Miyapur edge of Kukatpally, no website, no email = clearly lacks software. Strong pitch for simple billing + WhatsApp reports to replace manual registers. Independent (it is a Thyrocare-style aggregator franchise, not a chain branch).",,Y,verified,https://www.diagnosticcentres.in/diagnostic-centres/telangana/hyderabad/bapu-diagnostic-centre.html,,,,
2,9,Chandan Diagnostic Centre,"LB Nagar (3-2-358, SBH Colony, near SBH Bank, 500074)",,+91 93901 47439,,,,Yes,medium,"Independent pathology/blood tests, full-body checkups, home sample collection","Local single-location LB Nagar lab at 3-2-358 SBH Colony, near SBH Bank. Mobile 93901 47439 consistent across mediyaar and diagnosticcentres.in (real mobile format, not a placeholder). Confirmed this is the Hyderabad independent centre and NOT the Lucknow 'Chandan Diagnostic' chain (chandandiagnostic.com / chandan.co.in) - different business. Owner-run, single mobile, no website; low-friction pitch for basic lab software + WhatsApp reports.",,Y,verified,https://www.mediyaar.com/hyderabad/labs/chandan-diagnostic-centre-l-b-nagar.html | https://www.diagnosticcentres.in/diagnostic-centres/telangana/hyderabad/chandan-diagnostic-centre.html,,,,
2,9,Global Diagnostic,"Lingampally, Serilingampally (500019)",,9550319737,,,,Yes,medium,Diagnostic centre / pathology lab,"CONFIRMED: standalone listing at Lingampally Serilingampally 500019 on diagnosticcentres.in and Medindia. Phone 9550319737 is now directly seen on the diagnosticcentres.in page (not just a snippet), so it's usable but directory-only. No website/email/owner found -> software-light, phone-only shop, good LIMS/report-portal prospect. WARNING: several unrelated same-name entities exist (globaldiagnosticsindia.com chain, 'Global Diagnostic Centre' Manikonda 500089, 'Global Clinics & Diagnostics' Narsingi) - confirm you're dialing the 500019 Lingampally one.",,Y,verified,https://www.diagnosticcentres.in/diagnostic-centres/telangana/hyderabad/global-diagnostic.html | https://www.medindia.net/directories/labs/global-diagnostic-hyderabad-andhra-pradesh-42636-1.htm,,,,
2,9,KDC Diagnostic Center (KDC-Kamni Diagnostics),"Lingampally, Serilingampally (above Avone shoe shop, opp Scholars Degree College, 500019)",,7801010510,,,,Yes,medium,Diagnostic centre / pathology lab (blood tests); small local KDC-Kamni group with a second branch in Kavadiguda,"CONFIRMED: the 500019 Lingampally branch address matches exactly on diagnosticcentres.in, which lists phone 7801010510. Independent local multi-branch group (Lingampally + Kavadiguda), also has a Facebook page (kamnidiagnostics). ~20-yr-old small lab, no website -> phone/FB only, software-light, solid LIMS/report-portal prospect.",,Y,verified,https://www.diagnosticcentres.in/diagnostic-centres/telangana/hyderabad/kdc-diagnostic-center.html | https://www.facebook.com/kamnidiagnostics/,,,,
2,9,Mesco Diagnostic Centre,Malakpet,Abdullah,040-3324-2695,,mescodc@hotmail.com,,No,unverified,"Pathology, pelvic scans, blood tests, health checkups; Mon-Sat 8AM-8PM",Community-facing owner-managed centre beside Haji Kamal Mosque; email available - pitch affordable LIS with WhatsApp report dispatch.,Y,,scrape,https://www.mediyaar.com/hyderabad/labs/mesco-diagnostic-centre-malakpet.html | https://www.sulekha.com/mesco-diagnostic-centre-malakpet-hyderabad-contact-address,,mescodc@hotmail.com,"Harik Kamal Masjid, Near Salarjung Museum, Malakpet. Registered 2018. Manager Mr Raheem; secretary Dr. Iftikhar (per TradeIndia).","No owner mobile public. Call 040 3324 2695 ask for Abdullah, or older branch 040 2457 6890. Email mescodc@hotmail.com may reach management."
2,9,Tharans Diagnostics,"Manikonda village, near Hanuman Temple, Lanco Hills, Hyderabad - 500089",,8686827273,,,,Yes,medium,"Blood tests, full body checkups, home sample collection","Phone 8686827273 and Manikonda-village/Lanco-Hills address consistent across Justdial, Mediyaar and Sulekha listings. Tiny neighbourhood lab, est. ~2014, listed as open 24h; no website (directory-only presence) - almost certainly on paper registers, pitch a low-cost starter lab-management + report package.",,Y,verified,https://www.mediyaar.com/hyderabad/labs/tharans-diagnostics-manikonda.html | https://www.diagnosticcentres.in/diagnostic-centres/telangana/hyderabad/manikonda,,,,
2,9,Sahara Scan and Diagnostics (Sahara Diagnostics Scan & Polyclinic Centre),"Mehdipatnam (H.No 12-2-822/A/5, beside G Pulla Reddy College, beside Pillar No 23, 500028)",,"040 3308 4899, 040 6683 8801, 9849134323, 9246192802",,,,Yes,medium,"Ultrasound/USG, pathology, blood tests, polyclinic (Mon-Sat 07:00-21:00, Sun 07:00-14:00)","Independent scan + pathology + polyclinic under one roof (also has doctor consults per Practo listing) — strong fit for a unified scan+lab reporting/print system. Multiple contact numbers confirmed across directories (medifee, Justdial, diagnosticcentres). No own website. Directory-only sourcing, so verify the primary line on call.",,Y,verified,https://www.medifee.com/dc/7657-sahara-scan-and-diagnostics/ | https://www.diagnosticcentres.in/diagnostic-centres/telangana/hyderabad/sahara-scan-and-diagnostics.html | https://www.justdial.com/Hyderabad/Sahara-Diagnostics-Scan-Polyclinic-Centre-Beside-Pillar-No-23-Mehdipatnam/040PXX40-XX40-110624195347-Z8B3_BZDET | https://www.mediyaar.com/hyderabad/labs/sahara-diagnostic-centre-poly-clinic-mehdipatnam.html,,,,
2,9,Divuna Diagnostic Clinic,"Miyapur (Balaji Nagar, Bollaram X Road)",,9704671311,,,,Yes,medium,"Diagnostic clinic / pathology, blood tests","Confirmed on mediyaar directory: Plot No 34, Bollaram X Road, Balaji Nagar, Miyapur 500049, phone 9704671311 (matches lead). Only one aggregator listing found, no website or independent corroboration, so treat as a small phone/manual-run standalone clinic-lab in a residential pocket. Angle: one system for OP registration + lab billing so the front desk drops the two-ledger habit. Confirm number live on first call.",,Y,verified,https://www.mediyaar.com/hyderabad/labs/miyapur-locality.html,,,,
2,9,Amar Diagnostic Center,Nacharam,,9885543463,,,,Yes,medium,"Blood tests / pathology, home sample collection; 4-2-59/1, next to Municipal Ward Office, Nacharam, 500076.",Tiny single-mobile independent path lab - classic no-software target (digital reports + cash/UPI billing). Verify it is still operating when you call. Do NOT confuse with 'Amar Neuro Center' in Nacharam (a separate neuro clinic).,,Y,verified,https://www.mediyaar.com/hyderabad/labs/nacharam-locality.html,,,,
2,9,Cure Diagnostic Center,"Old Bowenpally (Hasmathpet), Secunderabad",,9866881843,,,,Yes,medium,"Blood testing, pathology, full body / senior-citizen / gender-specific packages, partner-lab home collection","Exists at S.No.4-5-6, C.J. Arcade, Mahatma Nagar, Hasmathpet, Old Bowenpally 500011. PHONE resolved: diagnosticcentres.in AND medifee both show 9866881843 (kept); mediyaar is the outlier at 9866881752 - still worth confirming on first call. Independent single branch (distinct from 'Cure Hospitals' multispecialty in the same locality). No website. Thyrocare 'partner' mention is directory boilerplate. Strong software pitch: phone/directory-only presence.",,Y,verified,https://www.diagnosticcentres.in/diagnostic-centres/telangana/hyderabad/cure-diagnostic-center-bowenpally-.html | https://www.medifee.com/dc/7391-cure-diagnostic-center-(bowenpally)/ | https://www.mediyaar.com/secunderabad/labs/cure-diagnostic-center-bowenpally.html | https://www.mediyaar.com/secunderabad/labs.html,,,,
2,9,Harini Diagnostic Centre,Safilguda / Malkajgiri,M Reddy,8790985160,,,https://www.indiamart.com/harini-diagnostic-centre/,No,unverified,"Pathology, MRI, Digital X-Ray, Diabetology",Proprietor M Reddy owns this full-service lab+imaging near Safilguda Railway Station; single decision-maker - call directly.,,Y,scrape,https://www.diagnosticcentres.in/diagnostic-centres/telangana/hyderabad/harini-diagnostic-centre.html | https://www.indiamart.com/harini-diagnostic-centre/,8790985160,,,Listed mobile likely = owner's own line (owner-run) - call & ask for M Reddy.
2,9,Lions Club Diagnostic Centre & Poly Clinic,"Sainikpuri / ECIL, Secunderabad (Plot No 1, APISC Colony, near Vasundhara College, 500062)",,040 6514 2337,,,,Yes,high,"Diagnostic lab + poly clinic: blood tests, urine analysis, cardiac/diabetic/thyroid/renal/lipid profiles, vitamin panels, histopathology, semen analysis, 2D echo, teleradiology; consulting doctors (cardio, derma, ENT, ortho, GP, diabetology); home collection","Charitable Lions-Club-linked independent lab + poly clinic; landline confirmed across mediyaar, healthcareontime and medifee. IndiaMART confirms it runs histopathology, 2D echo, teleradiology and multiple specialist OP consults - a genuine multi-service site, strong fit for OP + Diagnostics on one bill. IndiaMART lists the proprietor only as initials 'S J' (not a usable full name) so owner left blank. Verify landline on first call.",,,verified,https://www.mediyaar.com/secunderabad/labs/lions-club-diagnostic-centre-and-poly-clinic-sainikpuri.html | https://www.healthcareontime.com/diagnostic-centres/telangana/secunderabad/lions-club-diagnostic-centre-and-poly-clinic-ecil/ | https://www.indiamart.com/lions-club-diagnostic/,,,,
2,9,Sri Chakripuram Diagnostic Centre,"Sainikpuri, Secunderabad",,040 4971 5799,,,,Yes,high,"Full body checkups, health profiles (thyroid, diabetic, PCOD, cardiac), blood tests, urine analysis, ECG, home collection","Well-corroborated: mediyaar, medifee, Practo, healthcareontime and MouthShut all list it at 9-381, Chakripuram X Road, Sainikpuri 500094, landline 040 4971 5799. Independent single centre. Has a Practo profile but no own website; landline-only + low Google rating (~1.5) suggests manual reporting. Pitch digital reports + online booking + WhatsApp delivery.",,,verified,https://www.mediyaar.com/secunderabad/labs/sri-chakripuram-diagnostic-centre-sainikpuri.html | https://www.medifee.com/dc/372-sri-chakripuram-diagnostic-centre/ | https://www.practo.com/hyderabad/clinic/sri-chakripuram-diagnostic-centre-hyderabad-sainikpuri,,,,
2,9,Sai Bhavani Diagnostic Centre,Sanathnagar (BK Guda),Akram (listed as Managing Director on IndiaMart),040 3392 4178,,,,Yes,medium,"Pathology / blood & urine tests in-house; IndiaMart lists MRI, CT, mammography and ECHO but small labs like this typically refer scans out. Shop No 1, Vijaysree Towers, BK Guda, near Matha Tent House, Sanath Nagar - 500018","Confirmed single-branch independent lab at BK Guda; landline verified on the source directory. Mobile +91 98661 68458 in the original lead could NOT be confirmed on any source, so it was dropped (not invented). No own website, directory-only footprint - good fit for LIS + WhatsApp report delivery. Scan capability may be referral-only, worth confirming on call.",,,verified,https://www.diagnosticcentres.in/diagnostic-centres/telangana/hyderabad/sai-bhavani-diagnostic-center.html | https://www.indiamart.com/saibhavani-diagnostic/ | https://www.healthcareontime.com/diagnostic-centres/telangana/hyderabad/sai-bhavani-diagnostic-centre.html,,,"Akram listed as MD on IndiaMART. Vijaysree Towers, B K Guda, Sanath Nagar. IndiaMART hides phone behind Call Now.","Call 040 3392 4178 ask for Akram (MD). NOTE: mobile 9849247320 (contact 'prabhu') is a STAFF member, NOT Akram. For Akram's direct number, open indiamart.com/saibhavani-diagnostic and click Call Now (needs human browser)."
2,9,KDC Diagnostic Center,Serilingampally (Lingampally),,9848862807,,,,Yes,medium,"Blood testing, pathology, general diagnostics","Small independent neighbourhood lab above AVONE shoe shop, opp Scholars Degree College, Lingampally 500019. Only appears on the diagnosticcentres.in directory - no website, no reviews, phone-only = classic no-software micro-lab; good first LIS/reporting+billing pitch.",,Y,verified,https://www.diagnosticcentres.in/diagnostic-centres/telangana/hyderabad/kdc-diagnostic-center.html | https://www.diagnosticcentres.in/diagnostic-centres/telangana/hyderabad/lingampally,,,,
2,9,Global Diagnostic (Lingampally),"Serilingampally (Lingampally), Hyderabad - 500019",Dr. Anoop Reddy (per email),9550319737,,dranoopreddy@gmail.com,https://globaldiagnosticsandclinics.com,Yes,low,"Pathology, blood tests, health packages (directory listings only)","Thin, directory-only lead: no website, no email, no owner. Appears to be a small independent Serilingampally lab distinct from the Manikonda 'Global Diagnostic Centre', but existence rests on aggregator directories rather than any first-party source. If real, a strong entry-level LIS + branded-report + WhatsApp-delivery target. VERIFY BY CALL before adding to the dial list.",Y,Y,verified,https://www.diagnosticcentres.in/diagnostic-centres/telangana/hyderabad/global-diagnostic.html | https://www.mediyaar.com/hyderabad/labs/serilingampally-locality.html | https://globaldiagnosticsandclinics.com/contact-us/ | https://www.justdial.com/Hyderabad/Global-Diagnostics-Below-Global-Eye-Hospital-Narsingi/040PXX40-XX40-120619115444-N9W5_BZDET | https://www.mediyaar.com/hyderabad/labs/global-diagnostic-centre-manikonda.html | https://www.justdial.com/Hyderabad/Global-Diagnostic-Speciality-Clinic-Safilguda-Malkajgiri/040PXX40-XX40-140528080859-C4T7_BZDET,9550319737,,,Listed mobile likely = owner's own line (owner-run) - call & ask for Dr. Anoop Reddy.
2,9,Trulife Diagnostics,"Tolichowki (Shop No. 9-4-87/B/14, MD Lines, Moti Darwaza Road, Minar Colony), Hyderabad 500008",,9652973281,,,,Yes,medium,"Pathology / blood tests, health checkup packages, free home sample collection; outsources/reference tests to Thyrocare","Small Thyrocare-linked collection lab with home collection at the exact MD-Lines address (matches lead). Independent brand, not a Thyrocare branch. Because it already runs on Thyrocare's back-end, pitch own-brand digital report delivery + home-collection scheduling/tracking rather than a full LIMS.",,Y,verified,https://www.mediyaar.com/hyderabad/labs/trulife-diagnostics-toli-chowki.html | https://www.diagnosticcentres.in/diagnostic-centres/telangana/hyderabad/trulife-diagnostics.html,,,,
2,9,Tirumalgiri Diagnostic Centre,"Trimulgherry, Secunderabad (D No 3-10-45 & 46, 500015)",,9347556071,,,,Yes,medium,"Full body checkups, blood tests, diabetic/thyroid/cardiac profiles, vitamin/allergy/cancer/kidney/liver panels, COVID test, home sample collection","Confirmed independent single-branch neighbourhood lab in Trimulgherry; the source lists home collection 'by Thyrocare', i.e. it outsources tests and rides on Thyrocare's reporting - a strong signal it lacks its own catalog/billing/reporting software. Good fit to pitch an all-in-one portal so they own the patient relationship. Verify mobile on first call.",,Y,verified,https://www.mediyaar.com/hyderabad/labs/tirumalgiri-diagnostic-centre-trimulgherry.html,,,,
2,9,Shobha Sai Diagnostics,Uppal,,040-64555703,,,,Yes,high,"Radiology/imaging-led diagnostic centre (Dr Sreehari P, neuro-radiologist, associated per Justdial) plus pathology/blood tests; Shop No 4, Gurukrupa Complex, opp Electricity Sub Station, Uppal X Road","Radiology-led independent - pitch scan-report templating + WhatsApp report delivery; on-site radiologist means report turnaround is their pain point. Landline + a couple of mobiles, no own website found.",,,verified,https://www.justdial.com/Hyderabad/Dr-Sreehari-P-Shobha-Sai-Diagnostics-Opposite-Electricity-Sub-Station-Uppal-X-Road-Uppal/040PXX40-XX40-180216212857-U8I7_BZDET | https://www.diagnosticcentres.in/diagnostic-centres/telangana/hyderabad/shobha-sai-diagnostics.html | https://www.eka.care/clinic/shobha-sai-diagnostics | https://www.mediyaar.com/hyderabad/labs/shobha-sai-diagnostics-uppal.html,,,,
2,9,Life Care Diagnostic Centre,Uppal,,040-65605050,,,,Yes,high,"Pathology + blood testing, health checkup packages (full body, senior citizen), home sample collection; Shop No. 2-20-69/3/B, Chilka Nagar Main Rd, Adarsh Nagar Colony, Uppal, 500039 (Justdial: beside Sai Baba Temple, Chilkanagar).","Independent single-branch path lab; landline-only, no website/email found = good no-software target for billing + WhatsApp report delivery. Distinct from 'Azad Life Care Diagnostic Centre' (opp Vignan School, Uppal) and 'Care Diagnostic Centre' (Boduppal) - confirm exact name on the call.",,,verified,https://www.diagnosticcentres.in/diagnostic-centres/telangana/hyderabad/life-care-diagnostic-centre.html | https://www.justdial.com/Hyderabad/Life-Care-Diagnostics-Beside-Sai-Baba-Temple-Chilkanagar-Uppal-Uppal/040PXX40-XX40-160714133816-G6H4_BZDET | https://www.healthcareontime.com/diagnostic-centres/telangana/hyderabad/life-care-diagnostic-centre/,,,,
2,9,Sri Nitya Diagnostics,Vanasthalipuram,,"9440483305, 9490935588",,,,Yes,medium,"Pathology blood tests, full-body / diagnostic health checkups; Opp Andhra Bank, behind Big Bawarchi, BN Reddy Nagar, Vanasthalipuram","CONFIRMED via Justdial (Opp Andhra Bank, Big Bawarchi backside, BN Reddy Nagar) + Sulekha. Independent, dual mobile lines, mobile-first setup implies little existing software - strong greenfield lead. NOTE: a separate 'Sri Nitya Hospitals' (Dr. Madavi Reddy) also operates in Vanasthalipuram - do not conflate; owner of the diagnostics centre not stated, left blank. WhatsApp/email/website not found.",,Y,verified,https://www.mediyaar.com/hyderabad/labs/sri-nitya-diagnostics-vanasthalipuram.html | https://www.justdial.com/Hyderabad/Sri-Nitya-Diagnostics-Opposite-Andhra-Bank-Big-Bawarchi-Backside-B-N-Reddy-Nagar/040PXX40-XX40-100619165936-K6H7_BZDET | https://www.sulekha.com/sri-nitya-diagnostics-vanasthalipuram-hyderabad-contact-address,,,,
2,9,Karthik Diagnostic Centre,"Vanasthalipuram (Door 6-6-4/2, SBH Road, beside Open HUDA Auditorium, 500070)",,040 2411 1125,,,,Yes,high,"Independent single-location diagnostic/pathology centre: blood tests, full-body checkups, home sample collection","Confirmed operating at 6-6-4/2 SBH Road, Vanasthalipuram - same address on mediyaar, Justdial and healthcareontime. Landline 040 2411 1125 confirmed on mediyaar (cited). No website, landline-era single centre = strong cloud reporting/billing pitch. The 'Thyrocare partnership' text on mediyaar is aggregator boilerplate (same line appears on other listings), NOT a franchise, so it stays independent.",,,verified,https://www.mediyaar.com/hyderabad/labs/karthik-diagnostic-centre-vanasthalipuram.html | https://www.justdial.com/Hyderabad/Karthik-Diagnostic-Centre-Beside-Open-Huda-Auditorium-Vanasthalipuram/040PXX40-XX40-091109150348-H6L5_BZDET | https://www.healthcareontime.com/diagnostic-centres/telangana/hyderabad/karthik-diagnostic-centre/ | https://www.diagnosticcentres.in/diagnostic-centres/telangana/hyderabad/karthik-diagnostic-centre.html,,,,
2,9,Cherukuri Diagnostics & Poly Clinic,"Vanasthalipuram (Near Ganesh Temple, Rythu Bazar Road, Sachivalaya/Prashanth Nagar, 500070)",,+91 90001 46582 / +91 93966 48797,,,,Yes,medium,"Independent diagnostics + polyclinic (pathology plus consulting), home collection, reports on email/WhatsApp","Exists - Justdial (3 reviews), Mappls geotag and multiple directories at Opp Ganesh Temple, Rythu Bazar Rd, Sachivalaya/Prashanth Nagar 500070. Number 9000146582 confirmed on the cited diagnosticcentres.in; mediyaar shows 9396648797. Diagnostics+polyclinic combo suits the Axora OP + Diagnostics angle; no reporting software / no website.",,Y,verified,https://www.diagnosticcentres.in/diagnostic-centres/telangana/hyderabad/cherukuri-diagnostics-poly-clinic.html | https://www.mediyaar.com/hyderabad/labs/cherukuri-diagnostics-polyclinic-vanasthalipuram.html | https://www.justdial.com/Hyderabad/Cherukuri-Diagnostics-Polyclinic-Opp-Ganesh-Temple-Vanasthalipuram/040PXX40-XX40-000006057445-V2P3_BZDET/reviews | https://www.mappls.com/place-cherukuri+diagnostics-prashanth+nagar-vanasthalipuram-hyderabad-telangana-500070,,,,
2,8,Surya Diagnostic Centres,"Alwal (Balaji Nagar, Market Road, opp bus stop / near Axis Bank ATM), Hyderabad 500010",,9392455790,,,,Yes,low,"Blood tests, full body checkup packages, health profiles; free home sample collection (Thyrocare-based per Mediyaar)","Address confirmed by two thin aggregators (Mediyaar + Sulekha, both place it at Balaji Nagar, Alwal 500010, near Axis Bank ATM). Appears independent, not a chain. Weakest-verified lead of the five. If genuine, it is a small Thyrocare-dependent lab with no LIS — good software target — but verify by phone before relying on it.",,Y,verified,https://www.mediyaar.com/hyderabad/labs/surya-diagnostic-centres-alwal.html | https://www.sulekha.com/surya-diagnostic-centre-alwal-hyderabad-contact-address,,,,
2,8,Archana Diagnostic Centre,Amberpet,,9959640601,,,,No,unverified,"Blood tests, urine analysis, full body checkup, thyroid, diabetes, cardiac, renal, lipid profiles, food intolerance, home collection",Active on aggregators with home-collection; pitch back-end LIS to replace manual registers and automate report dispatch.,,Y,scrape,https://www.mediyaar.com/hyderabad/labs/archana-diagnostic-centre-amberpet.html | https://www.diagnosticcentres.in/diagnostic-centres/telangana/hyderabad/archana-diagnostic-centre.html,,,,
2,8,Dr Remedies Labs Pvt Ltd,Banjara Hills,,7799721212,,customercare@remedieslabs.com,https://remedieslabs.com,No,unverified,"Pathology, high-end radiology scans, preventive health screening, home collection, NABL-certified",NABL-certified boutique lab at Road No 12; pitch QC modules + compliance dashboards alongside core LIS. NOTE: another agent flagged Dr Remedies as 9-location chain - VERIFY before contacting.,Y,Y,scrape,https://www.remedieslabs.com/contact-us,,,,
2,8,Star Diagnostic Centre,Barkas,,9985891997,,,,No,unverified,"Full body checkup, blood tests, thyroid, cardiac, diabetic, PCOD, infection panels",Standalone lab on Shaheen Nagar Road; wide test menu via outsourced networks - pitch LIS that auto-reconciles outsourced results.,,Y,scrape,https://www.mediyaar.com/hyderabad/labs/star-dignostic-centre-barkas.html | https://www.justdial.com/Hyderabad/Star-Diagnostic-Centre-Shaheen-Nagar-Road-Barkas/040PXX40-XX40-111227104307-I4Z3_BZDET,,,,
2,8,Shatayu Diagnostics,Chandanagar,,9966562688,,shatayudiagnostics2013@gmail.com,https://shatayudiagnostics.in,No,unverified,"Pathology lab, diagnostic centre","Est 2013, active Gmail suggests no formal LIS; Manjeera Road near GHMC - pitch billing automation + shift-end MIS.",Y,Y,scrape,https://www.sulekha.com/shatayu-diagnostics-chanda-nagar-hyderabad-contact-address | https://www.healthcareontime.com/diagnostic-centres/telangana/hyderabad/shatayu-diagnostics-near-by-chandanagar-post-office/,,,,
2,8,Vision Diagnostics,"Dilsukhnagar (Opposite Geeta Hospital, Maruthi Nagar Road, 500060)",,040 2414 0782,,,,Yes,medium,"Independent diagnostic centre: blood tests, ECG, X-ray, ultrasound, full-body checkups",Local Dilsukhnagar independent (distinct from the Charminar 'Vision Diagnostic Centre' and from the unrelated Delhi Vision Diagnostic Pvt Ltd). 040 landline corroborated across multiple directories. No own website - likely manual reports; lead with WhatsApp report-delivery pitch.,,,verified,https://www.diagnosticcentres.in/diagnostic-centres/telangana/hyderabad/vision-diagnostics.html | https://www.healthcareontime.com/diagnostic-centres/telangana/hyderabad/vision-diagnostics-dilsukhnagar/ | https://www.medifee.com/dc/7248-vision-diagnostics/,,,,
2,8,Hanuman Diagnostics,East Marredpally,,8712272252,,,,No,unverified,"Blood tests, MRI, CT scan, PET-CT scan, ultrasound, X-ray, TMT, 2D Echo",Full-spectrum lab with PET-CT; needs a system unifying radiology + pathology; pitch combined RIS+LIS with single billing.,,Y,scrape,https://www.sulekha.com/hanuman-diagnostics-east-marredpally-hyderabad-contact-address | https://www.practo.com/hyderabad/clinic/hanuman-diagnostic-east-marredpally,,,,
2,8,Gandhinagar Diagnostic Centre,Gandhi Nagar,,9949876785,,,,No,unverified,"Blood tests, ECG, X-ray, ultrasound, 2D Echo",Multi-service centre in SBI Colony opposite Ramakrishna Medical Hall; pitch unified radiology + pathology billing.,,Y,scrape,https://www.mediyaar.com/hyderabad/labs/gandhinagar-diagnostic-centre-gandhi-nagar.html | https://www.healthcareontime.com/diagnostic-centres/telangana/hyderabad/gandhinagar-diagnostic-centre-ashok-nagar/,,,,
2,8,Sri Balaji Diagnostic Center,Ghatkesar,,9391920812,,,,No,unverified,"Blood tests, CT scans, ECG, endoscopy, HIV testing, kidney function testing, X-rays",20-yr established (est 2005) beside Ghatkesar Govt Hospital; high walk-in footfall - billing + LIS modernisation pitch.,,Y,scrape,https://www.sulekha.com/sri-balaji-diagnostic-center-ghatkesar-hyderabad-contact-address | https://www.justdial.com/Rangareddy/Sri-Balaji-Diagnostic-Centre-Beside-Government-Hospital-Ghatkesar/040PXX40-XX40-101026203254-F9G5_BZDET,,,,
2,8,Harini X-Ray Center,Ghatkesar,,9948538514,,,,No,unverified,"Digital X-Ray, ECG, CT scans, OPG dental imaging, health checkups",Standalone imaging-only centre on Annojiguda Main Road; likely paper-based reporting - pitch digital X-ray reporting + billing.,,Y,scrape,https://pinda.in/address/776662-harini-x-ray-center,,,,
2,8,Sri Adilakshmi Diagnostic Centre,"IDA Bollaram / Jinnaram (listed under Miyapur 500049, but likely outside core Miyapur)",,"9010050909, 9701857156",,,,Yes,medium,Diagnostic centre / pathology,"Confirmed on mediyaar (Shop No 11-177, IDA Bollaram, Jinnaram, listed Miyapur 500049, phones 9010050909 and 9701857156 - both match lead) and on Yellowpages. LOCATION FLAG: mediyaar tags it Miyapur 500049 but the street address is IDA Bollaram/Jinnaram (Patancheru industrial belt), and Yellowpages lists it under 'Bolarum, 500010' (a different Bolaram near Secunderabad). Conflicting geo data - verify it is actually in the target Miyapur zone before pitching. Otherwise a small independent lab, good fit for a lightweight LIMS + WhatsApp reports.",,Y,verified,https://www.mediyaar.com/hyderabad/labs/miyapur-locality.html | http://yp.infomericainc.com/b/sri-adilakshmi-diagnostic-centre-bolarum-hyderabad/422653291,,,,
2,8,Puneeth Sai Ram Diagnostics,"Jeedimetla (Apuroopa Colony, SR Nayak Nagar)",,"9441755886, 8019693006",,,,Yes,low,Small pathology/diagnostics lab (blood tests). No package or imaging services surfaced.,"Tiny independent lab, Plot 5-813 Apuroopa Colony, SR Nayak Nagar, Jeedimetla. Two mobiles, no website — almost certainly manual/paper reports; lead with cheap digital reporting + billing. Confirm the number reaches the lab.",,Y,verified,https://www.mediyaar.com/hyderabad/labs/jeedimetla-locality.html,,,,
2,8,S.V.R. Diagnostic Center,"Jeedimetla (Gajularamaram Road, Rodamestri Nagar)",,9393008940,,,,Yes,low,Small standalone pathology/diagnostics lab.,"Very small lab, H.No 18-148 Gajularamaram Rd, Rodamestri Nagar, Jeedimetla. Zero online presence beyond a single directory line — greenfield target for a starter lab-management + online-report portal. Verify number on call.",,Y,verified,https://www.mediyaar.com/hyderabad/labs/jeedimetla-locality.html,,,,
2,8,Soujanya Diagnostics,Jeedimetla (Shapur Nagar),,"9885681291, 9032297593",,,,Yes,low,"Blood/urine tests, full-body & master health-checkup packages, home sample collection (explicitly via Thyrocare 'Free Home Service').","Small single-branch lab, D.No 1-251 MPR Complex, behind Shapur Nagar bus stop, Jeedimetla. Currently outsources collection/reporting to Thyrocare, so pitch in-house LIS + branded reports + WhatsApp delivery. IMPORTANT: verify it is still open before calling (see issues).",,Y,verified,https://www.mediyaar.com/hyderabad/labs/soujanya-diagnostics-jeedimetla.html | https://www.justdial.com/Hyderabad/Soujanya-Diagnostics-Opposite-Sagar-Hotel-Near-Bus-Stop-Shapur-Nagar/040PXX40-XX40-100507150731-Y6B9_BZDET/reviews | https://www.sulekha.com/soujanya-diagnostics-jeedimetla-hyderabad-4200813-contact-address,,,,
2,8,Aditya Diagnostics Research Laboratories,KPHB,,"040 2315 1905, 040 3016 3265",,,,Yes,medium,"Blood testing, pathology, diagnostic services (some ultrasound/ECG/X-ray listed), health checkup packages routed via partner labs (e.g. Thyrocare), home sample collection","Independent lab at S.R. Towers, G-2, Road No.4, KPHB Colony, opp former Syndicate Bank, Kukatpally 500072. Existence corroborated across 4+ aggregators; Google shows ~3.2/5 from 50+ reviews = real footfall. Hours Mon-Sat 7a-9p, Sun 7a-3p. No own website or email = classic SME target for basic LIS + centralized billing + report delivery.",,,verified,https://www.diagnosticcentres.in/diagnostic-centres/telangana/hyderabad/aditya-diagnostics-research-laboratories.html | https://www.mediyaar.com/hyderabad/labs/aditya-diagnostics-research-laboratories-kukatpally.html | https://www.healthcareontime.com/diagnostic-centres/telangana/hyderabad/aditya-diagnostics-research-laboratories-kukatpally/ | https://bookmerilab.com/lab/hyderabad/aditya-diagnostics-kukatpally,,,,
2,8,Likhitha's Diagnostics & Speciality Lab,"KPHB Phase I, Road No. 4, Kukatpally",,040 2305 7701,,enquiry@likhithadiagnostic.com,https://www.likhithadiagnostic.com,Yes,medium,"Pathology, ECG, blood tests, thyroid/CBC/urine, ultrasound, health checkups, home collection (MIG 252, opp. J.K. Hospital, Road No. 4). Own website + branded report portal.","NOT a small single independent: Likhitha is a MULTI-CITY chain (multiple Hyderabad branches + Pune/Aundh, Tirupati, Vijayawada, Karimnagar, ECIL/Kapra). Has its own website + home collection, so it almost certainly already runs LIMS/billing software. Weak cold-call fit - de-prioritize vs the smaller single-lab targets. Self-owned brand (not one of the excluded big chains), but far larger than the lead assumed.",Y,,verified,https://www.likhithadiagnostic.com/ | https://www.diagnosticcentres.in/diagnostic-centres/telangana/hyderabad/likhitha-s-diagnostics-speciality-lab-kukatpally-.html | https://www.medindia.net/directories/labs/likhithas-diagnostics-speciality-lab-kukatpally-hyderabad-andhra-pradesh-42450-1.htm | https://medifyhome.com/diagnostic-centers/hyderabad/likhitha-diagnostics-ecil/ | https://getvisitapp.com/labs/hyderabad/centers/likhithas-diagnostics-speciality-lab-ecil-hyderabad/,,,,
2,8,Sai Bhavani Diagnostic Centre (Kachiguda),Kachiguda,Akram (Managing Director),9866168458,,,,Yes,low,Blood testing / pathology and diagnostic health packages; open ~7 days 8:30 AM-9 PM,"Exists as an independent lab at Unit 11, 3-2-23 Nimboliadda, opp Lal Bungalow, Barkatpura/Kachiguda (500027) - address consistent across all directories. PHONE COULD NOT BE CONFIRMED: healthcareontime shows a shared fake lead-gen number (09220145540), diagnosticcentres.in shows 9849247320, and other aggregators show the scraped 98661 68458 - three different numbers, none authoritative, so left blank. Verify by calling one of the two candidate mobiles (9849247320 / 9866168458) before adding to the dialer. No website - legacy-lab modernization lead.",,Y,verified,https://www.healthcareontime.com/diagnostic-centres/telangana/hyderabad/sai-bhavani-diagnostic-centre-kachiguda/ | https://www.diagnosticcentres.in/diagnostic-centres/telangana/hyderabad/sai-bhavani-diagnostic-centre-kachiguda-.html | https://doctorc.in/diagnostic-centers/hyderabad/sai-bhavani-diagnostic-centre-kachiguda-68807855/ | https://www.medindia.net/directories/labs/sai-bhavani-diagnostic-centre-kachiguda-hyderabad-andhra-pradesh-42680-1.htm,,,,
2,8,Santhanu Clinics & Diagnostics,Khajaguda (Gachibowli / Nanakramguda corridor),,9150708888,,santhanucare@gmail.com,https://www.santhanucare.com,No,unverified,"Pathology, Biochemistry, Serology, Microbiology, Histopathology, X-ray, 2D Echo, Mammography, ECG, Cytology; 17+ specialties",Ultramodern multispecialty at Khajaguda serving Gachibowli-Nanakramguda corridor; integrated in-house lab - ideal LIS + billing upsell.,Y,Y,scrape,https://www.santhanucare.com/contact | https://www.practo.com/hyderabad/hospital/santhanu-clinics-diagnostics/overview,,,,
2,8,Sri Ikshita Diagnostic Services,Kothapet,,9949217132,,,,Yes,medium,"Full-body checkup packages, diabetic/thyroid/cardiac/renal & vitamin profiles, disease-specific screening, urine analysis, free home collection. Package list is generic/templated across directory - small collection-point profile.","CONFIRMED (also spelled 'Sri Eekshitha') beside Sai Baba Temple, Rd No 3, Alkapuri Colony, Ramakrishnapuram, Nagole/Kothapet 500035; multiple listings incl Justdial & Practo. Small independent lab, mobile-first, no website - lead with affordable per-report pricing.",,Y,verified,https://www.mediyaar.com/hyderabad/labs/sri-ikshita-diagnostic-services-kothapet.html | https://www.diagnosticcentres.in/diagnostic-centres/telangana/hyderabad/sri-ikshita-diagnostic-services.html,,,,
2,8,Sri Bharathi Diagnostic Center,Kothapet / Saroornagar,,9666991949,,,,No,unverified,"Pathology, blood tests, full body checkups, home sample collection",On high-traffic Saroornagar Chowrasta-Dilsukhnagar road; no digital presence; pitch paperless lab + billing + patient notification.,,Y,scrape,https://www.mediyaar.com/hyderabad/labs/sri-bharathi-diagnostic-center-kothapet.html,,,,
2,8,Pragati Diagnostic Centre,Kushaiguda,,9866702199,,,,No,unverified,"Blood tests, full body checkup, thyroid profile, cardiac panel, diabetic screening",Standalone single-branch lab on Kushaiguda strip; likely manual/basic billing - direct cold-call for LIS demo.,,Y,scrape,https://www.mediyaar.com/hyderabad/labs/pragati-diagnostic-centre-kushaiguda.html,,,,
2,8,Unique Diagnostic Centre,LB Nagar,,9440493668,,,,Yes,medium,"Pathology blood tests, full-body checkup packages, urine tests, preventive screenings (not itemised further in listing). Reportedly ~20 yrs in operation.","CONFIRMED at Flat 164, 1st Floor, SBH Colony, LB Nagar 500074/500036; also on Justdial, Medindia, Sulekha. Established (~20 yr) small independent first-floor lab on a single mobile - classic starter LIS target, no website.",,Y,verified,https://www.mediyaar.com/hyderabad/labs/unique-diagnostic-centre-l-b-nagar.html | https://www.diagnosticcentres.in/diagnostic-centres/telangana/hyderabad/unique-diagnostic-centre.html,,,,
2,8,Nitya Diagnostic Centre,Lakdikapul,,7989730110,,,,No,unverified,"Radiology (CT, USG, X-ray), pathology; 3 radiologists + 1 pathologist on staff",Doctor-staffed independent centre near Nelephr Hospitals; pitch DICOM-linked reporting + referring-doctor portal.,,Y,scrape,https://www.timesmed.com/Hospital/Hyderabad/nitya-diagnostic-centre-17653 | https://www.lybrate.com/hyderabad/clinic/nitya-diagnostic-centre-nelephr-hospitals-0fc6,,,,
2,8,Akshatha Diagnostics,"Madhapur (Vittal Rao Nagar, Hitech City Rd)",,9703233212,,,,Yes,medium,"Blood tests, full body checkups, disease-specific profiles; home sample collection. Timings Mon-Sat 7am-9pm, Sun 7am-3pm; rated ~4.2/5.","Confirmed independent small standalone lab at Door No 1-90-2/E/3, near Image Hospital, Vittal Rao Nagar Main Rd, Hitech City Rd, Madhapur 500081. Phone-only, no own website — pitch entry-level report/billing + WhatsApp delivery. Alt number seen in Justdial/365doctor listings: 9703233303.",,Y,verified,https://www.mediyaar.com/hyderabad/labs/akshatha-diagnostics-madhapur.html | https://www.diagnosticcentres.in/diagnostic-centres/telangana/hyderabad/akshatha-diagnostics.html | https://www.justdial.com/Hyderabad/Akshatha-Diagnostics-Near-Image-Hospital-Madhapur/040PXX40-XX40-150213154759-S3D1_BZDET | https://www.healthcareontime.com/diagnostic-centres/telangana/hyderabad/akshatha-diagnostics/,,,,
2,8,Parkline Diagnostic Services,"Marredpally, Secunderabad (LG 3-5, Bhuvana Towers, Sarojini Devi Rd, next to Manju Theatre, 500003)",,040 6649 1787,,,http://www.parklinediagnostics.com/,Yes,high,"Full body / executive & master health packages, blood tests, diabetic/thyroid/cardiac screening, home sample collection","Well-established independent core-Secunderabad lab (Parkline Diagnostics Pvt Ltd), listed across its own website, healthcareontime, medifee and justdial. Additional landlines listed: 040 2784 5852 and 040 2784 7864. CORRECTION to prior note: it already has a basic website, so don't pitch 'they have no software' - instead pitch an integrated LIS + billing, online booking and WhatsApp report delivery to replace the manual walk-in workflow.",,,verified,http://www.parklinediagnostics.com/ | https://www.healthcareontime.com/diagnostic-centres/telangana/secunderabad/parkline-diagnostic-services/ | https://www.mediyaar.com/secunderabad/labs/parkline-diagnostic-services-marredpally.html,,,,
2,8,Medicure Pulse Diagnostic Centre,"Mehdipatnam (Door No 12-2-54/A, Muradnagar, beside Vilada Maternity Nursing Home, opp Shifa Medical Hall), Hyderabad 500028",,040 3370 5770,,,medicurepulse.com,Yes,high,"Diagnostics + polyclinic (est. 2014): biochemistry, haematology, pathology, microbiology, histopathology, Digital X-ray, ECG, Ultrasound, 2D-Echo; health packages; home sample collection; already sends reports via Email/WhatsApp in 24-48h","Mid-size lab + polyclinic WITH radiology (X-ray/USG/2D-echo), beside a maternity nursing home (steady OB/GYN referral flow). Already advertises email/WhatsApp report delivery in 24-48h and has its own (SSL-broken) website - so the angle is a proper LIMS/portal, faster TAT, and instant referring-doctor access, NOT basic WhatsApp delivery.",,,verified,https://www.diagnosticcentres.in/diagnostic-centres/telangana/hyderabad/medicure-pulse-diagnostic-centre.html | https://www.mediyaar.com/hyderabad/labs/medicure-pulse-diagnostic-centre-mehdipatnam.html | http://www.medicurepulse.com/contact.html | https://www.healthcareontime.com/diagnostic-centres/telangana/hyderabad/medicure-pulse-diagnostic-centre/,,,,
2,8,Shiva Sai Diagnostic Centre,Musheerabad / RTC X Roads,,9866258950,,,,No,unverified,"Blood tests (CBC, sugar, dengue serology, RA), USG, X-ray, CT, 2D Echo, DEXA bone density, ECG",Multi-modality centre at RTC X Roads opposite Jawahar School; multi-department workflow ideal for worklist + billing software.,,Y,scrape,https://www.medifee.com/dc/4972-shiva-sai-diagnostic-centre/ | https://www.diagnosticcentres.in/diagnostic-centres/telangana/hyderabad/shiva-sai-diagnostic-centre.html,,,,
2,8,Elite Diagnostic And Scan Centre,Nampally,Dr. Santosh Kondapalli,040-6457-5339,,info@elitediagnostics.in,https://elitediagnostics.in,No,unverified,"Blood tests, pathology, scan, full body checkups, health packages",At Quli Qutub Shahi Stadium near Nampally railway station - very high footfall; pitch rapid billing + token queue.,Y,,scrape,https://www.mediyaar.com/hyderabad/labs/elite-diagnostic-and-scan-centre-nampally.html | https://elitediagnostics.in/,,,"Nampally centre est 1989. Dr. Santosh Kondapalli (MBBS Osmania, MD Radiodiagnosis, 10+ yrs, fetal imaging) also runs separate newer Elite Diagnostics Kukatpally. Nampally ownership asserted, not independently confirmed.","Call 040 6457 5339 (Nampally) ask for Dr. Santosh Kondapalli. Or his Kukatpally clinic +91-9948428455 / 9951718455 (business/WhatsApp on elitediagnostics.in, names him as lead doctor)."
2,8,Krishna Diagnostics,Nizampet,,9884365365,,,,Yes,medium,"Pathology (biochem, haematology, micro, clinical/histopath), routine + advanced blood tests, some imaging/specialised screenings, home collection, promises e-reports in ~1 hour","Independent local lab (est. ~2016) at Shop 2, Pavan Palace, Main Rd, beside Nizampet village bus stop, opp Heritage Mart / beside SBI Bank, Nizampet 500090. Existence corroborated across Justdial, Yappe, Drlogy, iCloudHospital. Do NOT confuse with the 'Krsnaa Diagnostics' national chain also present in Nizampet. Already advertises fast e-reports - warm entry for a reporting/delivery upgrade pitch.",,Y,verified,https://www.justdial.com/Hyderabad/Krishna-Diagnostics-Beside-Nizampet-Village-Bus-Stop-Opposite-Heritage-Mart-Beside-Sbi-Bank-Nizampet/040PXX40-XX40-160913214620-A1L9_BZDET | https://yappe.in/telangana/hyderabad/krishna-diagnostics-nizampet/1067974 | https://www.drlogy.com/hyderabad/lab/krishna-diagnostics | https://icloudhospital.com/hospitals/krishna-diagnostics-nizampet-telangana,,,,
2,8,Sree Vaishnavi Diagnostic & Speciality Lab,Nizampet Road (beside Sevenhills Apartments),,8143732341,,,,Yes,medium,"Pathology, health checkups, home sample collection, speciality profiles. Nizampet Road, Kukatpally 500090.","Independent Nizampet-road speciality lab doing home collection - pitch home-collection scheduling + digital reports; no website. CONTACT CLEANUP: the '040 6527 3890' is a mediyaar proxy (also shown for Tapadia Diagnostic, Ameerpet); the '09220145540 / 9820693367' alt on HealthcareOnTime is that platform's own booking/WhatsApp line (Mumbai), not the lab. The lab-specific mobile 8143732341 (on diagnosticcentres.in) is the best candidate - verify it is live before calling.",,Y,verified,https://www.justdial.com/Hyderabad/Sree-Vaishnavi-Diagnostics-Speciality-Lab-Beside-Sevenhills-Aperments-Nizampet/040PXX40-XX40-140614113612-C7G2_BZDET | https://www.diagnosticcentres.in/diagnostic-centres/telangana/hyderabad/sree-vaishnavi-diagnostic-speciality-lab.html | https://www.healthcareontime.com/diagnostic-centres/telangana/hyderabad/sree-vaishnavi-diagnostic-and-speciality-lab/ | https://www.mediyaar.com/hyderabad/labs/sree-vaishnavi-diagnostic-and-speciality-lab-kukatpally.html,,,,
2,8,Padmavathi Diagnostic Center,"Old Alwal (near I.G. Statue, Lakshmi Nagar Colony), Hyderabad 500010",,9290641768,,,,Yes,medium,"Blood testing, pathology, diagnostic services; health checkup packages (Rs 799-2499); home blood collection; hours Mon-Sat 7am-8pm","Well-established independent Old Alwal lab, strongest existence footprint of the five: Medindia, HealthcareOnTime, Practo, Justdial, Sulekha and MouthShut reviews (rated ~4.2/5). Not a chain. Phone 9290641768 from diagnosticcentres.in.",,Y,verified,https://www.diagnosticcentres.in/diagnostic-centres/telangana/hyderabad/padmavathi-diagnostic-center.html | https://www.healthcareontime.com/diagnostic-centres/telangana/secunderabad/padmavathi-diagnostic-center/ | https://www.justdial.com/Hyderabad/Padmavathi-Diagnostic-Center-Near-Indira-Gandhi-Statue-Old-Alwal-Alwal/040PXX40-XX40-250509120755-W7R8_BZDET,,,,
2,8,Sai Shanmuk Diagnostic Centre,Sanathnagar,,9394884703,,,,Yes,low,"Blood tests, full body checkup; home collection via Thyrocare tie-up","Small centre next to E-Seva, Sanath Nagar, relying on a Thyrocare tie-up - pitch own-brand reports + billing to stop revenue leakage to the aggregator.",,Y,verified,https://www.mediyaar.com/hyderabad/labs/sai-shanmuk-diagnostic-centre-sanath-nagar.html,,,,
2,8,Pink Diagnostic & Speciality Lab,Santoshnagar / Saidabad (Santosh Nagar Road),,040 24534900,,,,Yes,high,"Pathology + speciality lab tests, full body checkups.","Confirmed independent single-branch speciality lab at 17-1-211/3, Santosh Nagar Road, Saidabad 500059; landline 040 24534900 verified across diagnosticcentres.in, mediyaar, healthcareontime and Justdial (between Alice Opticals & Indian Pharmacy). No website, phone-only — pitch all-in-one LIS (accession, report, billing, WhatsApp delivery) for a single busy branch.",,,verified,https://www.diagnosticcentres.in/diagnostic-centres/telangana/hyderabad/pink-diagnostic-speciality-lab.html | https://www.mediyaar.com/hyderabad/labs/pink-diagnostic-and-speciality-lab-saidabad.html | https://www.healthcareontime.com/diagnostic-centres/telangana/hyderabad/pink-diagnostic-and-speciality-lab.html | https://www.justdial.com/Hyderabad/Pink-Diagnostic-Speciality-Lab-Between-Alice-Opticals-Indian-Pharmacy-Santosh-Nagar/040PXX40-XX40-140522064533-K7Y2_BZDET,,,,
2,8,Rajesh Diagnostic Centre & Clinic,"Secretariat Colony, opp. Bank of Baroda, Manikonda, Hyderabad - 500089",,7396835400,,,,Yes,medium,Pathology diagnostics + clinic consultations,"Phone 7396835400 and Secretariat-Colony / opp-Bank-of-Baroda address confirmed on Justdial and diagnosticcentres.in. Single clinic-lab, combined OP + lab under one roof, no website - pitch integrated consult + lab reporting workflow.",,Y,verified,https://www.diagnosticcentres.in/diagnostic-centres/telangana/hyderabad/rajesh-diagnostic-centre-clinic.html | https://www.justdial.com/Hyderabad/Rajesh-Diagnostic-Centre-Clinic-Opposite-Bank-Of-Baroda-1St-Right-Secretariate-Colony-Manikonda/040PXX40-XX40-151223104426-W9M4_BZDET | https://www.medifee.com/dc/7421-rajesh-diagnostic-centre-and-clinic/,,,,
2,8,Vidya Diagnostic Centre,Somajiguda,,040-3308-9529 / 8485928853,,,,No,unverified,"Blood tests (CBC, lipid, hormones, tumour markers, HIV, HBsAg), USG, X-ray, CT scan, 2D Echo",19+ years multi-modality independent; dual lab+radiology workflow - pitch integrated LIS-RIS with single patient record.,,Y,scrape,https://www.medifee.com/dc/7397-vidya-diagnostic-centre-(somajiguda)/ | https://www.justdial.com/Hyderabad/Vidya-Diagnostic-Centre-Behind-Kirtilal-Jewllers-Lane-Opp-Pulla-Reddy-Building-Somajiguda/040PXX40-XX40-110109191459-I8Z7_BZDET,,,,
2,8,Medica Diagnostic Centre,Tolichowki,,9246161559,,,,No,unverified,"Blood tests, pathology, diagnostic testing",Independent single-branch lab; pitch billing + report automation as first step to digitising a manual operation.,,Y,scrape,https://www.mediyaar.com/hyderabad/labs/medica-diagnostic-centre-toli-chowki.html,,,,
2,8,Amaze Diagnostic Center,"Tolichowki (Main Road, beside More Supermarket), Mehdipatnam side, Hyderabad 500008",,040 3088 3520,,,,Yes,high,"Pathology / blood tests only (CBC, thyroid, LFT, hormones, HIV, Widal, malaria, swine flu, etc.); home sample collection","Small main-road walk-in pathology lab. No website, no email, phone-only presence. NOT the Bangalore 'Amaze Clinics/Amaze Diagnostics' (amazeclinics.com, Banashankari) chain - this is an unrelated independent local lab. Good LIMS/website + report-TAT + WhatsApp-report-delivery pitch.",,,verified,https://www.medifee.com/dc/7661-amaze-diagnostic-center/ | https://www.diagnosticcentres.in/diagnostic-centres/telangana/hyderabad/amaze-diagnostic-center.html | https://www.practo.com/hyderabad/clinic/amaze-diagnostic-center-tolichowki | https://amazeclinics.com/amaze-diagnostics/,,,,
2,8,Om Prashanti Diagnostic Centre,Uppal,,040-27203058,,,,Yes,medium,"Pathology + blood tests, scans/X-ray, home collection; 18-28 Prashanti Nagar Main Road, Uppal","Small neighbourhood lab on a landline only - thin online footprint, no website, likely paper registers; lead with simple billing + digital reports.",,,verified,https://www.diagnosticcentres.in/diagnostic-centres/telangana/hyderabad/om-prashanti-diagnostic-centre.html | https://www.medindia.net/directories/labs/om-prashanti-diagnostic-centre-hyderabad-andhra-pradesh-42580-1.htm,,,,
2,8,Sri Venkateshwara Diagnostic Centre,Vanasthalipuram,,"9951327833, 9948854438",,,,Yes,medium,"Pathology blood tests, diagnostic health checkups; Sri Sai Complex, Raithu Bazar Rd, Gandhi Chowk, Vanasthalipuram (open Mon-Sat 10:00-19:00)","CONFIRMED via Practo (Vanasthalipuram branch) + Justdial. Independent, not a chain. CAUTION: 'Sri Venkateshwara Diagnostic' is a very common name - separate unrelated centres exist in Champapet, Mallapur, Balkampet, Habsiguda (some with their own sites like venkateswaradc.com); make sure the call reaches the Gandhi Chowk/Raithu Bazar Rd one. Two mobile lines, no own website - pitch low-cost LIS + WhatsApp report delivery. WhatsApp/email unconfirmed, left blank.",,Y,verified,https://www.mediyaar.com/hyderabad/labs/sri-venkateshwara-diagnostic-centre-vanasthalipuram.html | https://www.practo.com/hyderabad/hospital/sri-venkateshwara-diagnostic-center-and-clinic-vanasthalipuram/doctors | https://www.justdial.com/Hyderabad/Sri-Venkateshwara-Diagnostic-Centre/040PXX40-XX40-241126001117-C2Z7_BZDET,,,,
2,8,Bathini Diagnostic Center,"Vanasthalipuram (H.No 6-5-116, SKD Nagar Chowrastha, BN Reddy Road, Self Finance Colony, 500070)",,+91 99495 61756,,,,Yes,medium,"Small independent Vanasthalipuram pathology lab; blood tests, home collection","Exists - Mappls geotag at BN Reddy Rd / SKD Nagar Chowrastha plus medindia, medifee and doctorc listings, address matches lead. Primary mobile 9949561756 confirmed on diagnosticcentres.in. Mobile-first, no website - easy owner-reachable cold call for lab management + digital reports.",,Y,verified,https://www.diagnosticcentres.in/diagnostic-centres/telangana/hyderabad/bathini-diagnostic-center.html | https://www.medindia.net/directories/labs/bathini-diagnostic-center-hyderabad-andhra-pradesh-42623-1.htm | https://www.mappls.com/place-bathini+diagnostic+centre-bn+reddy+road-self+finance+colony-vanasthalipuram-hyderabad-telangana-500070-CW1YU7 | https://www.medifee.com/dc/7402-bathini-diagnostic-center/,,,,
2,7,S.A. Diagnostic Centre,Alwal,,9866062309,,,,No,unverified,path lab / blood tests / health checkups,"Single-branch lab in Pioneer Bazar, Risala Bazar / Baban Guda, Alwal; no website - cold-call ready.",,Y,scrape,https://www.mediyaar.com/secunderabad/labs/sa-diagnostic-centre-alwal.html,,,,
2,7,Dutch Diagnostics,Ameerpet,,040-23737323,,,,Yes,medium,"Pathology / blood testing, health-checkup packages; home sample collection via Thyrocare partnership","Single-centre lab at 116-120 Swarnajayanthi Complex, Ameerpet, leaning on Thyrocare for home collection (no own LIS/website visible) - pitch in-house billing + report software to keep revenue and data in-house.",,,verified,https://www.diagnosticcentres.in/diagnostic-centres/telangana/hyderabad/dutch-diagnostics.html | https://www.mediyaar.com/hyderabad/labs/dutch-diagnostics-begumpet.html | https://www.healthcareontime.com/diagnostic-centres/telangana/hyderabad/dutch-diagnostics/,,,,
2,7,Deepthi Diagnostic Centre,Ameerpet,,040 2373 3955 / 040 2373 3975,,,,Yes,medium,"Pathology / diagnostic services; runs Thyrocare Aarogyam-style packages (home pickup, online report). 8-3-214/46, Srinivasa Colony West (Road No.1), near State Home Office, Ameerpet, 500038.","Independent neighbourhood lab - address + two landlines confirmed on mappls, JustDial, Medindia, diagnosticcentres. NOTE: do not confuse with the separate 'Vijaya Diagnostic - Deepthi Srinagar' branch (Vijaya chain, different entity in a locality called Deepthi Sree Nagar). Reachable only on two landlines - pitch online reporting + WhatsApp report delivery.",,,verified,https://www.diagnosticcentres.in/diagnostic-centres/telangana/hyderabad/deepthi-diagnostic-centre.html | https://www.justdial.com/Hyderabad/Deepthi-Diagnostic-Centre-Near-State-Home-Office-Ameerpet/040P25778_BZDET | https://www.mappls.com/place-deepti+diagnostic+centre-road+number+1-srinivasa+colony+west-ameerpet-hyderabad-telangana-500038-42786T,,,,
2,7,RV Diagnostic & Research Centre,Boduppal,,9701270981,,sangeethapawar1988@gmail.com,http://www.rvdrclab.com,No,unverified,"Pathology, blood tests, imaging (full labs facility)","Own branded website + email; tech-engaged owner - email first, follow up by phone for LIS+billing pitch.",Y,Y,scrape,https://rvcollage.com/rv-diagnostic-research-center-rvdrc-lab-boduppal/ | https://www.diagnosticcentres.in/diagnostic-centres/telangana/hyderabad/r-v-diagnostic-and-research-centre.html,,,,
2,7,MAG Diagnostic Centre,Chanchalguda,,9394125234,,,,No,unverified,"Pathology, blood tests, full body health checkup packages, home collection",Opposite Arshad Hotel near Aizza School; school-adjacent brings student health-check volume - pitch bulk-billing / package-rate module.,,Y,scrape,https://www.diagnosticcentres.in/diagnostic-centres/telangana/hyderabad/mag-diagnostic-centre-chanchalguda-.html,,,,
2,7,Sri Venkata Sai Diagnostics,Chandanagar,,9848271338,,,,No,unverified,"Pathology lab, blood tests, full body checkup packages, consulting doctors",Multi-doctor Chandanagar lab; multi-physician billing + per-doctor revenue dashboards are a strong hook.,,Y,scrape,https://www.mediyaar.com/hyderabad/labs/sri-venkata-sai-diagnostics-chanda-nagar.html | https://www.lybrate.com/hyderabad/clinic/sri-venkata-sai-diagnostics-chanda-nagar-1,,,,
2,7,Medindia Scan And Diagnostics,"Chandrayangutta / Post Office Line (18-11-2/C/1, near Reliance Mart, 500005)","Dr. Mohammed Shabbir Ali (MBBS, General Physician, ~12 yrs experience)",,,,,Yes,medium,"24x7 scan + pathology centre, 536+ tests, home sample collection, soft-copy/e-reports; established 2023; cash only; beside St Ann's / near Reliance Mart.","VERIFIED doctor-owned 24x7 centre (est 2023) - a Facebook inauguration video and Moovit transit listing confirm it is a real, recently-opened site. Owner Dr. Mohammed Shabbir Ali confirmed. Independent - NOT affiliated with the medindia.net directory despite the name coincidence, and not a chain. Already advertises e-reports/fast TAT so they value turnaround - pitch automated report generation + WhatsApp delivery. No phone published online (blank), capture via Google Maps/Justdial.",,,verified,https://www.drlogy.com/hyderabad/lab/medindia-scan-and-diagnostics | https://moovitapp.com/index/en/public_transit-Medindia_Scan_Diagnostics_Centre-Hyderabad-site_250402675-5997 | https://www.facebook.com/INFORMATION24X7UPDATES/videos/today-inauguration-of-medindia-scan-diagnostics-at-chandrayangutta-beside-stanns/1233183507122712/,,,"Runs Medindia Scan (est 2023), Chandrayangutta near Reliance Mart. Lab + USG, 2D echo, ECG, digital X-ray; 24x7.",No personal mobile indexed. WARNING: 9217002598 on Magicpin is a SHARED aggregator number (also on Farha). Paths: (1) walk-in Chandrayangutta for his card; (2) Google Maps GMB reception number then ask for Dr. Shabbir; (3) FB inauguration video names contact 'Aziz' for warm intro.
2,7,Akshaya Diagnostics,"Dilsukhnagar (SS Towers, Chaitanyapuri X Road, above Dr Agarwals Hospital, 500060)",,040 6461 1866,,,,Yes,medium,Independent pathology/blood tests and full-body health checkups; home sample collection; Mon-Sat 07:00-21:00,"Established single-location Dilsukhnagar lab, no visible website/software - good cold-call target for digital reports & billing. Uses partner labs (Thyrocare/Aarthi/Redcliffe) for some fulfillment via directory listings but is NOT a chain branch. No email published - capture on call.",,,verified,https://www.mediyaar.com/hyderabad/labs/akshaya-diagnostics-dilsukhnagar.html | https://www.sulekha.com/akshaya-diagnostics-dilsukh-nagar-hyderabad-contact-address | https://www.diagnosticcentres.in/diagnostic-centres/telangana/hyderabad/akshaya-diagnostics.html,,,,
2,7,Tapadia Diagnostic Centre (ECIL branch),ECIL (Mahesh Nagar),,8305555999,,,https://tapadiadiagnostics.com,No,unverified,"Pathology, Digital X-Ray, ECG",NOTE: another agent flagged Tapadia as a large chain (many branches) - VERIFY branch count before contacting; likely EXCLUDE.,,Y,scrape,https://tapadiadiagnostics.com/our-centers/ecil | https://www.healthcareontime.com/diagnostic-centres/telangana/secunderabad/tapadia-diagnostic-centre-ecil/,,,,
2,7,Neugen Diagnostic India Pvt Ltd,East Marredpally,,9391123193 / 040-2773-0099,,,,No,unverified,"Blood tests, full body checkup packages, home sample collection",Small private lab next to Shenoy Nursing Home; pitch auto-reporting + WhatsApp delivery to patients and referring doctors.,,Y,scrape,https://www.mediyaar.com/hyderabad/labs/neugen-diagnostic-india-pvt-ltd-east-marredpally.html,,,,
2,7,Aditya Diagnostics & Research Lab,Erragadda,Dr. A. Saraswathi Devi (PhD),040-23817362 (KPHB lab: 040-43500918),,,adityalabs.com,Yes,high,"NABL-accredited pathology / blood tests, diagnostic services, corporate + individual health checks","Confirmed on own website adityalabs.com. Independent, only 2 NABL labs (Erragadda, Deccan Chambers opp. bus stop + KPHB inside Vignesh Nursing Home) - genuine reference-lab volume. Pitch faster TAT, referral-doctor payout tracking and branded online reports.",,,verified,https://adityalabs.com/contact/ | https://www.diagnosticcentres.in/diagnostic-centres/telangana/hyderabad/aditya-diagnostics-and-research-laboratory.html,,,,
2,7,Farha Diagnostic Centre (Farha Hospital),"Falaknuma / Engine Bowli (19-3-423/1/4, opp Engine Bowli, near Falaknuma Palace, 500053)","Dr. Mohammed Yousufuddin (MD/DCH Paediatrics, Osmania, 40+ yrs)",,,,,Yes,medium,"Small owner-run hospital - PRIMARILY paediatrics + gynaecology/obstetrics with 24x7 emergency; an attached diagnostic/lab wing (pathology, and per directory listing X-ray/USG/ECG). The specific diagnostic service list and 7 AM-1 PM hours from the scrape could NOT be independently confirmed.","VERIFIED as a real, independent owner-run hospital (not a chain) - good manual-process target. CAUTION: its core identity is a paediatric/gynae hospital, not a standalone diagnostic centre - the 'Farha Diagnostic Centre' entry is a separate directory listing at the same address. The scraped phone +91 9246201931 could NOT be independently confirmed (Practo/Justdial are bot-blocked), so it was blanked - do not dial blind, re-verify first. Pitch combined OP/hospital + diagnostics reporting on one billing/report flow.",,,verified,https://www.timesmed.com/Hospital/Hyderabad/farha-hospital-16615 | https://www.medindia.net/directories/hospitals/farha-hospital-hyderabad-telangana-32408.htm | https://www.justdial.com/Hyderabad/Farha-Hospital-Near-Falaknuma-Palace-Opposite-Engine-Bowli-Char-Chaman-Colony-Falaknuma/040P3030160_BZDET,,,,
2,7,Jeevan Diagnostic Centre,Habsiguda / Tarnaka,,9391052819 / 040-27019166,,,,No,unverified,"Full diagnostics, pathology, blood tests; opposite Innova Children's Hospital lane, Tarnaka",Near children's hospital drives paediatric referrals; pitch paediatric report templating + referral portal + auto-WhatsApp to parents.,,Y,scrape,https://www.mediyaar.com/hyderabad/labs/jeevan-diagnostic-centre-tarnaka.html,,,,
2,7,Narayana Diagnostic Centre,Kachiguda,,7204367814,,,,No,unverified,"Pathology, blood tests, health checkup packages, prenatal check-ups",Rated 4.9/5 with 80+ reviews near Chappal Bazar; loyal footfall - pitch digital report delivery and home-collection module.,,Y,scrape,https://www.justdial.com/Hyderabad/Narayana-Diagnostic-Centre-Near-Prime-Fuel-Station-Kachiguda/040PXX40-XX40-210909172820-S6X8_BZDET,,,,
2,7,Neelima Diagnostics,Khairatabad,,040-2339-8028 / 8790340402,,,,No,unverified,"Blood tests, urine tests, full body checkup, preventive health screening",Small standalone Khairatabad pathology lab; straightforward LIS pitch - digital report delivery + doctor referral login.,,Y,scrape,https://www.sulekha.com/neelima-diagnostics-khairatabad-hyderabad-contact-address | https://www.lybrate.com/hyderabad/clinic/neelima-diagnostics-khairatabad-1,,,,
2,7,SG Hospital Diagnostic Center,Khairatabad,,8885581264,,,,No,unverified,"Blood tests, full body checkup, thyroid, cardiac, diabetic, vitamin profiles",Hospital-adjacent independent lab on IMAX Road; pitch OPD-integrated order management + billing.,,Y,scrape,https://www.mediyaar.com/hyderabad/labs/sg-hospital-diagnostic-center-khairatabad.html,,,,
2,7,Jade Clinics,Kokapet,,9505900500,,,https://jadeclinics.in,No,unverified,"Blood tests, urine analysis, USG, X-ray, thyroid, lipid, kidney/liver function, home collection; NABL & ICMR certified",Young 2-branch lab (Kokapet + Gachibowli) targeting Financial District; fast-growing without visible LIS - pitch automated reporting + multi-branch dashboard.,,Y,scrape,https://jadeclinics.in/lab-tests-and-diagnostics-in-kokapet-hyderabad/,,,,
2,7,Mani Sree Diagnostic Centre,LB Nagar,,040 3370 5088,,,,Yes,medium,"Pathology blood tests, full-body checkup packages (Plot No 18, near Abhinand Grand Hotel, LB Nagar)","CONFIRMED via Justdial, Practo, healthcareontime, doctorc, diagnosticcentres.in. Independent LB Nagar lab, landline-only. WARNING: manisreediagnostics.com is a DIFFERENT business in Mahbubnagar, NOT this centre - so no own website; kept website blank. Likely manual reporting - lead demo with WhatsApp statement + report delivery. WhatsApp/email not found, left blank.",,,verified,https://www.mediyaar.com/hyderabad/labs/mani-sree-diagnostic-centre-l-b-nagar.html | https://www.justdial.com/Hyderabad/Mani-Sree-Diagnostic-Centre-Near-Abhinand-Grand-Hotel-LB-Nagar/040PXX40-XX40-130220153607-F8W4_BZDET | https://www.healthcareontime.com/diagnostic-centres/telangana/hyderabad/mani-sree-diagnostic-centre/ | https://www.diagnosticcentres.in/diagnostic-centres/telangana/hyderabad/mani-sree-diagnostic-centre.html,,,,
2,7,Balaji Diagnostic Center,LB Nagar,,8500239235,,,,Yes,low,"Pathology blood tests, full-body checkup packages (not itemised further in listing).","Business exists: Door No 3-6-95, Opposite New Bus Stop, beside Hanuman Temple Main Road, LB Nagar 500074 (mediyaar, healthcareontime, diagnosticcentres.in, Justdial all list this address). Independent single centre, no website. CAUTION: LB Nagar has several similarly-named labs (Sai Balaji, Sri Sai Balaji, Balaji Poly Clinic) - confirm you have the right one when calling.",,Y,verified,https://www.mediyaar.com/hyderabad/labs/balaji-diagnostic-center-l-b-nagar.html | https://www.diagnosticcentres.in/diagnostic-centres/telangana/hyderabad/balaji-diagnostic-center-lb-nagar-.html | https://www.healthcareontime.com/diagnostic-centres/telangana/hyderabad/balaji-diagnostic-center-lb-nagar/,,,,
2,7,Iris Diagnostics,Langar Houz (Nanal Nagar X Road),,8142201133 / 8142201144 / 8142201155,,connect@irisind.in,https://irisind.in,No,unverified,"High-end ultrasound, obstetric and foetal scans, paediatric scans, speciality clinics; founded 2008",High-tech USG-only alternative to corporate hospitals; pitch radiologist report portal + referring-doctor login.,Y,Y,scrape,https://irisind.in/contact-us/,,,,
2,7,Dolphin Diagnostics,"MIG-264, Sri Parameshwara Plaza, opp. bus stop, Road No. 4, KPHB Phase 1, Kukatpally - 500072",,040 6544 1666,,,,Yes,medium,"Pathology / blood tests (Fasting Sugar, Cholesterol, LFT, CBC, TSH, urine, ESR etc.), health-checkup packages, home sample collection (outsources to Thyrocare); Mon-Sat 07:00-22:00, Sun 07:00-14:00",Independent KPHB lab that currently outsources tests to Thyrocare - pitch an in-house reporting/billing portal so they own the report and cut outsourcing dependence. Phone 040 6544 1666 confirmed on diagnosticcentres.in.,,,verified,https://www.diagnosticcentres.in/diagnostic-centres/telangana/hyderabad/dolphin-diagnostics.html | https://www.dolphindiagnostics.in/about-us,,,,
2,7,Regional Diagnostic Care Centre,"Malakpet (16-3-991/c, Government Printing Press Road), Hyderabad 500036",,040 2452 8122,,,,Yes,medium,"Pathology / blood tests, full-body checkup packages; single neighbourhood centre","Independent single-branch Malakpet lab, directory-listed only, no website/email - likely register-based workflow. Lead with digital reports + billing to replace manual process.",,,verified,https://www.mediyaar.com/hyderabad/labs/regional-diagnostic-care-centre-malakpet.html | https://www.medindia.net/directories/labs/regional-diagnostic-care-centre-hyderabad-andhra-pradesh-42463-1.htm | https://www.justdial.com/Hyderabad/Regional-Diagnostic-Care-Centre-Malakpet/040PXX40-XX40-240822001144-Y7N1_BZDET | https://doctorc.in/diagnostic-centers/hyderabad/regional-diagnostic-care-centre-41994727/,,,,
2,7,Core Diagnostic Centre,"Manikonda (Puppalaguda, Lalamma Gardens, Golconda Restaurant building), 500089",,+91 40 3016 3315,,,,Yes,medium,"Diagnostic centre / pathology blood tests, full-body checkup packages (thyroid/diabetes/cardiac/vitamin profiles).","Independent single-branch Manikonda/Puppalaguda lab, no website found - solid greenfield for a first end-to-end LIS + online reports. Address consistent (Ground Floor, Golconda Restaurant, Lalamma Gardens). Caveat: phone/address appear ONLY on aggregator directories (mediyaar, healthcareontime, diagnosticcentres) with no JustDial listing, reviews, or own site to cross-check, so re-confirm the number live on the call.",,,verified,https://www.healthcareontime.com/diagnostic-centres/telangana/hyderabad/core-diagnostic-centre/ | https://www.mediyaar.com/hyderabad/labs/core-diagnostic-centre-manikonda.html | https://www.diagnosticcentres.in/diagnostic-centres/telangana/hyderabad/core-diagnostic-centre.html,,,,
2,7,Preethi Diagnostic Centre,"Mehdipatnam (Asif Nagar Road / near Sakina Complex, beside petrol bunk opp Goutham Model School, 500028)",,040 2353 0459,,,,Yes,medium,"Pathology / blood tests, lab investigations, full-body checkups","Independent single-location Mehdipatnam lab, present across multiple directories (mediyaar, Justdial, diagnosticcentres, Sulekha) but NO own website and no owner name found — phone consistent across listings only. Note a separate 'Preethi Hospitals & Diagnostics' also exists in Mehdipatnam; keep them distinct. Strong fit for digital reports + WhatsApp delivery pitch (likely still manual/paper). Confirm phone live on call.",,,verified,https://www.mediyaar.com/hyderabad/labs/preethi-diagnostic-centre-mehdipatnam.html | https://www.diagnosticcentres.in/diagnostic-centres/telangana/hyderabad/preethi-diagnostic-centre.html | https://www.justdial.com/Hyderabad/Preethi-Diagnostic-Centre-Beside-Sakina-Complex-Near-Petrol-Bunkopposite-Goutham-Model-School-Mehdipatnam/040PAPP20080801IRO38714126_BZDET,,,,
2,7,MDM Diagnostic Center,"Moosaram Bagh, Malakpet (16-11-100/A/1, opp Meghana Degree College, near Swami Vivekananda School), Hyderabad 500036",,040 3317 4139,,,,Yes,medium,"Pathology / blood tests, health checkup profiles; single centre","Small single-branch path lab, directory-listed only, no own website - good fit for entry-level lab software (reports + billing). IMPORTANT: do not confuse with 'MDM LAB' at mdmlab.in - that is a separate lab in Yakutpura/Rein Bazar (phone 95022 46660), NOT this Moosaram Bagh centre.",,,verified,https://www.mediyaar.com/hyderabad/labs/mdm-diagnostic-center-malakpet.html | https://www.diagnosticcentres.in/diagnostic-centres/telangana/hyderabad/mdm-diagnostic-center.html | https://www.justdial.com/Hyderabad/Mdm-Diagnostic-Centre-Opposite-To-Meghana-Degree-College-Near-Swami-Vivekananda-School-Moosarambagh/040PXX40-XX40-150928170802-R2Y1_BZDET | https://www.medifee.com/dc/7166-mdm-diagnostic-center/,,,,
2,7,GYD Diagnostic & Reference Clinic,Musheerabad,"Dr. Ganesh Oruganti (MD Microbiologist, DIN 01264541)",04042414142,,support@gydhealth.com,https://www.gydhealth.com,No,unverified,"Pathology, reference lab, visa medicals, tele-medicine, OPD consultations, health packages, home collection",Specialty reference lab with immigration medicals and tele-med; pitch integration of visa-report templates + billing into one LIS. Most sophisticated independent found.,Y,,scrape,https://www.gydhealth.com/ | https://www.diagnosticcentres.in/diagnostic-centres/telangana/hyderabad/gyd-diagnostic-reference-clinic.html,,support@gydhealth.com,"Director/co-founder GYD Diagnostics (2007) & GYD Health (2015). Ex-Director Lab Services MediCiti Hospitals 1997-2007, Prof Microbiology MIMS, Lab Consultant Sunshine Hospitals. Co-directors: Dinaker Manjunath, Vijay Yeldandi.","Paths: (1) call clinic 040-42414142/43 or 040-35179959/60/61, ask for Dr. Ganesh (on-site as lab director); (2) LOG INTO IndiaMART (free) and click View Mobile Number on indiamart.com/gyd-diagnostics-reference/; (3) via Sunshine Hospitals Secunderabad; (4) email support@gydhealth.com to him."
2,7,Sri Charitha Diagnostics Centre,Nagole,,040 2414 5671,,,,Yes,medium,"Pathology / pathological laboratory - blood tests, full-body checkups; Door No 1-1-48/C/1, Mohan Nagar, near Mohan Nagar bus stop, Nagole Road (Nagole/Kothapet border)","CONFIRMED via diagnosticcentres.in, healthcareontime, medindia and Justdial (listed as 'Sri Charitha Diagnostic Centre Pathological Laboratory, near Mohan Nagar bus stop, Kothapet'). Independent pathology lab, landline-only, no own website - pitch modern billing + logo report printing to upgrade from paper. WhatsApp/email not found, left blank.",,,verified,https://www.mediyaar.com/hyderabad/labs/sri-charitha-diagnostics-centre-nagole.html | https://www.justdial.com/Hyderabad/Sri-Charitha-Diagnostic-Centre-Pathological-Laboratory-Near-Mohan-Nagar-Bus-Stop-Kothapet/040PXX40-XX40-140404103428-A9T4_BZDET | https://www.healthcareontime.com/diagnostic-centres/telangana/hyderabad/sri-charitha-diagnostics-centre/ | https://www.medindia.net/directories/labs/sri-charitha-diagnostics-centre-hyderabad-andhra-pradesh-42540-1.htm,,,,
2,7,Gayatri Diagnostic Center,"Pragathi Nagar (GMRs Heights, Monkey Circle, opp. JNTU)",,040-40024614,,,,Yes,medium,"Small collection-centre / blood-test lab in a shop unit (Plot 496, 1st floor Shop 2, GMRs Heights, Monkey Circle, Pragathi Nagar 500090). Blood tests & health-checkups.","Independent Pragathi Nagar collection-centre model - pitch a collection-centre portal + local billing/branded reports. CAVEAT: the 'partner labs: Thyrocare/Redcliffe/Orange Health' detail is actually diagnosticcentres.in's generic home-collection widget shown on every listing, not a confirmed Gayatri tie-up - do not lead the call with that assumption. No website/email found. Phone 040-40024614 corroborated on diagnosticcentres.in + medifee and appears unique to Gayatri (not a shared proxy).",,,verified,https://www.diagnosticcentres.in/diagnostic-centres/telangana/hyderabad/gayatri-diagnostic-center.html | https://www.justdial.com/Hyderabad/Gayatri-Diagnostic-Center-Opposite-Jntu-Pragathi-Nagar-Bachupally/040PXX40-XX40-110519121151-I4P6_BZDET | https://www.medifee.com/dc/7841-gayatri-diagnostic-center/,,,,
2,7,Bhavani Diagnostic Centre,"Quthbullapur / Chinthal (59, Modi Apartment Lane, near Govt Veterinary Hospital, opp Masjid, Bhoomi Reddy Nagar, 500055)",,08790071522,,,,Yes,low,Neighbourhood pathology / lab-test centre (JustDial lab-test catalog listed),"Real independent local path lab - address CONFIRMED on Mappls and two JustDial listings (Kutbullapur/Hyderabad and Qutubullapur/Rangareddy). Phone 08790071522 comes from ONE weak auto-generated directory (bharatibiz, which puts the number in its URL slug) and could NOT be independently confirmed - treat as a candidate only and verify before relying on it (the real number sits behind JustDial/Mappls). Tiny single-lab operation with no website = low-cost single-lab SaaS entry pitch.",,Y,verified,https://www.justdial.com/Hyderabad/Bhavani-Diagnostic-Centre-Near-Govtveterinary-Hospital-Kutbullapur/040PXX40-XX40-180926120008-L6U7_BZDET | https://www.mappls.com/7AWGS2 | https://www.bharatibiz.com/en/bhavani-diagnostic-center-087900-71522,,,,
2,7,Sai Vijaya Diagnostic Centre,RTC X Roads,,9963111024,,,,No,unverified,"Blood tests, full body checkup, thyroid, diabetes, cardiac, vitamin profiles, allergy testing, urine analysis, home collection","First-floor centre next to Bawarchi Hotel, high-footfall corridor; pitch affordable SaaS lab billing + online report portal.",,Y,scrape,https://www.mediyaar.com/hyderabad/labs/sai-vijaya-diagnostic-centre-rtc-x-roads.html,,,,
2,7,Preeti Diagnostic Center,SR Nagar (Madhura Nagar),,040 3088 3530,,,,Yes,medium,"Pathology / diagnostic services, full-body checkup packages; scans via partner labs. Madhura Nagar, Sanjeeva Reddy Nagar - 500038","Confirmed independent path lab; listed as the top independent centre in the Sanjeeva Reddy Nagar / Madhura Nagar pocket - land-and-expand target for lab reporting + billing. Directory-only, no website.",,,verified,https://www.diagnosticcentres.in/diagnostic-centres/telangana/hyderabad/preeti-diagnostic-center.html | https://www.diagnosticcentres.in/diagnostic-centres/telangana/hyderabad/sanjeeva-reddy-nagar/ | https://www.medindia.net/directories/labs/preeti-diagnostic-center-hyderabad-andhra-pradesh-42665-1.htm,,,,
2,7,Farahath Diagnostic Center,Saidabad / Dabeerpura,,8179796133,,,,No,unverified,"Pathology, general diagnostic services",Standalone centre in Chavni-Dabeerpura serving dense residential pocket; pitch basic LIS starter pack with Urdu report template option.,,Y,scrape,https://www.diagnosticcentres.in/diagnostic-centres/telangana/hyderabad/saidabad,,,,
2,7,Ashwin Diagnostics Services,Sainikpuri / Neredmet,,9848807239,,,,No,unverified,path lab / blood tests,"Single-branch path lab in NVN Colony, Old PS, Neredmet; no website.",,Y,scrape,https://www.mediyaar.com/secunderabad/labs.html,,,,
2,7,R R Diagnostics,Sanathnagar (Rajeev Nagar X Road / Moti Nagar),,040 3961 7739,,,,Yes,medium,"Pathology / diagnostic services; scans via partner labs. Plot 9, Sri Lakshmi Sadan, Balaji Swarnapuri Colony, beside Siva Reddy Sweets, Rajeev Nagar X Road, Moti Nagar, Sanath Nagar - 500018","Confirmed neighbourhood single-branch lab; hours 7am-10pm (Sun till 3pm) per directory - long hours + walk-in volume make report automation and billing an easy win. No website, directory-only footprint.",,,verified,https://www.diagnosticcentres.in/diagnostic-centres/telangana/hyderabad/r-r-diagnostics.html | https://www.practo.com/hyderabad/hospital/r-r-diagnostics-moti-nagar/doctors,,,,
2,7,SDRC Diagnostics (Secunderabad Diagnostic & Research Centre),Secunderabad / Paradise,,040-6600-4200,9849110001,,https://sdrc.in,No,unverified,path lab / USG / CT / MRI / X-ray / ECG / 2D Echo / EEG / Mammography,"Est 1983, NABL-accredited independent; 4 locations (main + 3 collection centres) - borderline branch count but genuinely independent; reports on WhatsApp; strong anchor account prospect.",,Y,scrape,https://sdrc.in/about | https://www.justdial.com/Secunderabad/Secunderabad-Diagnostic-Research-Centres-Near-Wesley-Pg-College-Paradise/040PXX40-XX40-170209114456-L4F6_BZDET,,,,
2,7,Saanvi Labs,Somajiguda,,7842404536 / 8340887102,,prakash@saanvilabs.com,https://saanvilabs.com,No,unverified,"Blood tests, full body checkup, home sample collection",Small independent pathology lab with active home-collection; barcode sample tracking + TAT dashboard are easy wins; email prakash@ directly.,Y,Y,scrape,https://saanvilabs.com/ | https://www.justdial.com/Hyderabad/Saanvi-Labs-Beside-Bank-Of-Baroda-Matha-Nagar-Somajiguda/040PXX40-XX40-180713134657-V5J8_BZDET,,,,
2,7,Scope Labs,Vidyanagar,,04033081687,,,,No,unverified,"Blood tests, MRI, CT, PET-CT, USG, X-ray, TMT, 2D Echo, pathology, home sample collection; est 2009",Full-spectrum 15-year-old independent on Adikmet Rd; likely legacy systems - strong upgrade pitch for LIS plus radiology module.,,,scrape,https://www.diagnosticcentres.in/diagnostic-centres/telangana/hyderabad/scope-labs.html | https://www.justdial.com/Hyderabad/Scope-Labs-Beside-State-Bank-Of-Hyderabad-Vidya-Nagar/040PXX40-XX40-101121121610-L8Q2_BZDET,,,,
2,7,Image Diagnostic Centre,Yakutpura,,9848083418,,,,No,unverified,"Blood testing, pathology, general diagnostics; Mon-Sat 7AM-10PM, Sun 7AM-2PM",Established centre near Yakutpura Railway Station; high footfall from govt hospital referrals - pitch billing integration + referral report auto-dispatch.,,Y,scrape,https://www.diagnosticcentres.in/diagnostic-centres/telangana/hyderabad/image-diagnostic-centre.html | https://www.sulekha.com/image-diagnostic-centre-yakutpura-hyderabad-4579494-contact-address,,,,
3,6,ITMR Specialty Diagnostics,Banjara Hills,,040-6666-3239,,,,No,unverified,"Full body checkup (67-149 parameters), thyroid, cardiac, diabetes, liver, allergy, infection panels, home collection",Specialty lab opposite Vengal Rao Park currently outsourcing via Thyrocare; pitch own in-house LIS to improve margins + TAT on outsourced tests.,,,scrape,https://www.mediyaar.com/hyderabad/labs/itmr-specialty-diagnostics-banjara-hills.html,,,,
3,6,SDS Pathology,"Begumpet (7th Floor, beside US Consulate, Indian Airlines Colony, Chiran Fort Club Lane), 500016",,040 2790 3458,,,,Yes,medium,Pathology laboratory / clinical lab tests.,"Business exists - JustDial carries a live listing (approx 4.0 rating) for a standalone Begumpet pathology lab beside the US Consulate on Chiran Fort Club Lane. Appears to be a local independent lab, NOT the corporate 'Specialist Diagnostic Services' brand, but still confirm on the call. Phone 040 2790 3458 appears on only ONE directory (bharatibiz) - JustDial number could not be scraped - so verify the number before dialing.",,,verified,https://www.justdial.com/Hyderabad/Sds-Pathology/040PXX40-XX40-170112233845-V3H9_BZDET | https://www.bharatibiz.com/en/sds-pathology-040-2790-3458,,,,
3,6,Sofi Scan & Diagnostics,"Chandrayangutta / Kummar Basthi (near St Anne's School, 500005)","Dr. Ayesha Sofi (MD - Radio-Diagnosis/Radiology, ~10 yrs experience)",,,,,Yes,medium,"3D & 4D ultrasound / sonography, radiology scans, home sample collection, e-reports within 24h; established 2022, Mon-Sun 9 AM-6 PM; cash only.","VERIFIED radiologist-owned scan centre (est 2022) near St Anne's School. Owner Dr. Ayesha Sofi confirmed. Young single-location practice, cash-only, NO phone/website/email published anywhere online - ripe for a first software system. Pitch USG report templates + image attach + WhatsApp delivery; get her number via Google Maps/Justdial on approach. Only a single solid directory source (drlogy), hence medium confidence on existence and no verifiable contact.",,,verified,https://www.drlogy.com/hyderabad/lab/sofi-scan-diagnostics | https://www.drlogy.com/hyderabad/doctor/dr-ayesha-sofi,,,"Radiologist ~10 yrs; runs Sofi Scan (est 2022) Kummar Basthi, near St Anne's School, Chandrayangutta; 4D/3D USG + home collection.",VERIFIED dead end on Drlogy (phone fields empty; Tap-to-Call is masked aggregator). Paths: (1) walk-in Kummar Basthi for card; (2) Google Maps GMB reception; (3) LinkedIn DM 'Ayesha Sofi radiologist Hyderabad'; (4) via Medindial Lab front desk.
3,6,Dr. Irshad's Marvel Path Lab,"Charminar / Shalibanda (Shahalibanda New Road, Qureshi Complex, 500002)","Dr. Mohammad Irshad Ahmed (MBBS Deccan 1994, MD Pathology Osmania Medical College 2001, ~31 yrs experience)",,,,,Yes,medium,"Pathology, Fine Needle Aspiration Cytology (FNAC), parasitological examination, skin scraping; Mon-Sat 8 AM-8 PM, Sun 8 AM-2 PM.","VERIFIED single owner-pathologist lab at 20-4-209/1/46 Shahalibanda. Owner-doctor confirmed and well-credentialed. Correctly distinct from the national marvelpathlab.com (Haryana) brand - do NOT use that site/number. A directory (diagnosticcentres.in) lists 040 6452 4070 but that is almost certainly an aggregator call-tracking line, NOT the lab's own number, so left blank - capture the real Justdial/Google line on approach. No website/email = clearly manual; pitch pathologist-friendly report templates + FNAC/cytology formats + WhatsApp delivery.",,,verified,https://www.diagnosticcentres.in/diagnostic-centres/telangana/hyderabad/dr-irshad-s-marvel-path-lab.html | https://www.medindia.net/directories/labs/dr-irshads-marvel-path-lab-hyderabad-andhra-pradesh-42627-1.htm | https://www.practo.com/hyderabad/doctor/dr-mohammad-irshad-ahmed-pathologist,,,"Pathologist. Marvel Path Lab, Shahalibanda New Road, Qureshi Complex, Charminar. FNAC, cytology, general pathology. Consult 350; Mon-Sat 8-20.","Verified clinic landline 040-6452-4070 (corroborated 3 sources). Single-owner lab - call that line in clinic hours, ask for Dr. Irshad (frame as B2B software), or walk in mid-morning - typically on-site."
3,6,KVR Diagnostic Centre,Jubilee Hills,,040-2354-1074 / 040-2354-1874,,,,No,unverified,"Blood tests, pathology, diagnostic services",Est 2001 standalone in Film Nagar - 20+ years likely legacy paper/old software; modernisation pitch with digital reports + online booking.,,,scrape,https://yellowpages.fullhyderabad.com/kvr-diagnostic-centre/jubilee-hills/telephone-email-address-reviews/diagnostic-centres-16131-1.html | https://www.diagnosticcentres.in/diagnostic-centres/telangana/hyderabad/k-v-r-diagnostic-centre.html,,,,
3,6,Vaidya Diagnostics & Speciality Laboratory,"KPHB 6th Phase, Kukatpally",,040 2305 8212,,,,Yes,medium,"Pathology / speciality lab tests, full-body checkups, thyroid/diabetes/lipid/LFT panels, home collection (Padmaja Complex, 6th Phase, KPHB Colony)","Established single 6th-phase speciality lab still on an old landline, no website - pitch modern report portal + online booking. IGNORE aggregator call-tracking numbers when calling; use the 040 landline.",,,verified,https://www.diagnosticcentres.in/diagnostic-centres/telangana/hyderabad/vaidya-diagnostics-speciality-laboratory.html | https://www.medindia.net/directories/labs/vaidya-diagnostics-speciality-laboratory-hyderabad-andhra-pradesh-42521-1.htm | https://www.mediyaar.com/pathology-labs/vaidya-diagnostics-and-speciality-laboratory-kukatpally-hyderabad-lab.html,,,,
3,6,SV Diagnostic Centres,"KPHB Colony, Kukatpally",,040 3324 9602,,,,Yes,medium,"Pathology / blood tests, full-body checkups, cardiac/thyroid/diabetes/vitamin panels, free home collection (No. 16, KPHB Colony, near Heritage Fresh supermarket)","Compact independent KPHB lab near Heritage Fresh, no website - good entry-level billing + digital-reports onboarding target. Only landline is verifiable.",,,verified,https://www.healthcareontime.com/diagnostic-centres/telangana/hyderabad/sv-diagnostic-centres/ | https://www.mediyaar.com/hyderabad/labs/sv-diagnostic-centres-kukatpally.html | https://www.medindia.net/labs/sv-diagnostic-centres-hyderabad-andhra-pradesh-3414-1.htm,,,,
3,6,Megsan Diagnostics (Megsan Diagnostics Private Limited),"Kompally / Pet Basheerabad, Hi-Tension Road, Sy No.1 (beside Hotel SPG Grand, opp PVS Pharmacy), Quthbullapur, 500055","Madireddy Jayapal Reddy (Co-Founder & Managing Director) and Madireddy Jyothirmai (Co-Founder) - confirmed via ZaubaCorp/Tracxn (CIN U85110TG2018PTC128173, incorporated Nov 2018)",,,info@megsandiagnostics.com,https://www.megsandiagnostics.com/,Yes,medium,"MRI, CT, X-ray, ultrasound, TMT, 2D-echo, EEG, pathology lab; free home sample collection around Kompally/Suchitra/Alwal","Business and owners CONFIRMED (own website, CIN, multiple listings). Email info@megsandiagnostics.com verified on the official domain via Sulekha - use this as the reliable first contact. NO direct dial confirmed: the toll-free 1800-120-303303 / 9289628087 on aggregators appear on other unrelated labs = shared third-party booking lines, do NOT use. The eka.care number +919885317692 belongs to Dr Ravi Chander Chintala (a urologist consulting at the same address), not the diagnostics reception. Do NOT confuse with the separate 'Megsan Labs' (Ruby Block, Kompally), a different pharma-testing company. Family-run group (also has a Nizamabad Pvt Ltd entity) - pitch integrated RIS/LIS + WhatsApp reports to the Madireddy owners via email/website, and get the reception direct line on first call.",Y,,verified,https://www.megsandiagnostics.com/ | https://www.sulekha.com/megsan-diagnostics-private-limited-kompally-hyderabad | https://www.zaubacorp.com/company/MEGSAN-DIAGNOSTICS-PRIVATE-LIMITED/U85110TG2018PTC128173 | https://tracxn.com/d/companies/megsan-diagnostics/__lsZUN8R8pmscDiP4EwEKYC4l2kInecIPq9y1kx_8Ev8/founders-and-board-of-directors | https://www.eka.care/clinic/megsan-diagnostics-clinics-kompally-secunderabad,,,,
3,6,Sri Lakshmi Diagnostic Centre & Authorised Pathcare Lab,"MIG 298, Vande Vishwa Building, Road No 4, near UCO Bank, Kukatpally 500072",Tirupati (listed contact person only),,,,,Yes,medium,Diagnostic centre / pathology; cash-only per listing; open Mon-Sun 8:00-21:30 (lunch 14:00-17:00),Exists - listed on Sulekha plus medindia/diagnosticcentres/medifee at the same Road No 4 address. Phone genuinely masked on Sulekha (95******5) so left blank rather than guess - ask for Tirupati on-site. Cash-only lab with no confirmable phone/website/email = software-light; a clean digital billing + report pitch lands well. Confidence medium: existence solid but no verifiable contact number.,,,verified,https://www.sulekha.com/sri-lakshmi-diagnostic-centre-authorised-pathcare-lab-kukatpally-hyderabad-contact-address | https://www.medindia.net/directories/labs/sri-lakshmi-diagnostic-centre-hyderabad-andhra-pradesh-42494-1.htm,,,,
3,6,AZ Diagnostic Laboratory,"Malakpet (1st Floor, 16-8-910/917, near Malakpet Railway Station / Old Malakpet, Vijayawada Highway), Hyderabad 500036",,040 2456 4201,,,azdiagnosticlab.com,Yes,medium,"Pathology / blood testing lab, full body health checkup packages, home sample collection","Established independent Malakpet path lab confirmed on multiple directories and Google Maps (mappls). Website is listed but currently would not load, so reporting likely still manual. Pitch LIS + auto report generation + WhatsApp delivery.",,,verified,https://www.diagnosticcentres.in/diagnostic-centres/telangana/hyderabad/az-diagnostic-laboratory.html | https://www.mappls.com/yrfnyg | https://www.mediyaar.com/hyderabad/labs/a-z-diagnostic-laboratory-malakpet.html | https://www.healthcareontime.com/diagnostic-centres/telangana/hyderabad/az-diagnostic-laboratory/,,,,
3,6,Lenus Diagnostic Centre,"Mehdipatnam (Hari Hara Teja Apartments, 12-2-417/46/B/G1, Gudi Malkapur, near Golden Palace Hotel, 500028)",,040 6050 6812,,,,Yes,medium,"Diagnostics / pathology / blood tests; full-body checkup (~115 tests: vit D, B12, diabetes, liver, kidney, CBC, lipid, thyroid)","Independent single-branch neighbourhood lab (~13 yrs), has a Facebook page ('LENUS Diagnostics') but no real website — pitch online report delivery + simple patient portal. Landline 040 6050 6812 consistent across Justdial/mediyaar/healthcareontime but may be a directory-routed number; verify on call. No owner name found.",,,verified,https://www.healthcareontime.com/diagnostic-centres/telangana/hyderabad/lenus-diagnostic-centre-mehdipatnam/ | https://www.mediyaar.com/hyderabad/labs/lenus-diagnostic-centre-mehdipatnam.html | https://www.facebook.com/Lenusdaignostics/,,,,
3,6,Sneha CT Scan Centre,Nampally (Moghalpura),,040-6671-1111,,,,No,unverified,"CT scan, MRI, USG, X-ray, blood tests, TMT, Echo, ECG, PFT, Mammogram, Audiometry",Full imaging + pathology - multiple modalities create cross-department billing complexity; pitch unified scan+lab billing.,,,scrape,https://www.mediyaar.com/hyderabad/labs/sneha-ct-scan-centre-nampally.html | https://www.healthcareontime.com/diagnostic-centres/telangana/hyderabad/sneha-ct-scan-centre/,,,,
3,6,Shiva Sai Polyclinic and Diagnostics,Nizampet,,8519934835,,,,No,unverified,"Polyclinic (OPD), diagnostic lab",Combined clinic + lab in KTR Colony; dual-stream billing from one desk is the core pitch.,,Y,scrape,https://www.healthcareontime.com/diagnostic-centres/telangana/hyderabad/shiva-sai-polyclinic-and-diagnostics/,,,,
3,6,Heart Care & Diagnostic Center,SR Nagar,"Dr. K Satyanarayana (Nephrologist, MBBS 1967, DNB Nephrology 1977, 46+ yrs)",,,,,Yes,medium,Public listings describe a nephrology / general-medicine consulting clinic run by Dr K Satyanarayana; name implies cardiac/colour-doppler/ECG diagnostics but those specific services are NOT confirmed on listings,"Single-doctor clinic at Door No 175/5, Sanjeeva Reddy Nagar Colony (near Venkateswara Temple / opp More Supermarket, 500038). Owner clearly identified. Softer fit for a diagnostics-software pitch - reads more like a solo physician's consulting clinic than an imaging centre; if pursued, pitch simple report templates + patient records.",,,verified,https://www.lybrate.com/hyderabad/clinic/heart-care-and-diagnostic-center-sr-nagar | https://www.practo.com/hyderabad/clinic/heart-care-diagnostic-center-sr-nagar-1 | https://www.justdial.com/Hyderabad/Heart-Care-Diagnostic-Center-Near-Venkateswara-Temple-Sanjeeva-Reddy-Nagar/040PXX40-XX40-170201214647-P8X3_BZDET,,,"Nephrology clinic + diagnostic, SR Nagar (Sanjeeva Reddy Nagar Colony). Mon-Sat 10-21. All directories mask phone.","Justdial JD Connect bridge unmasks/routes to clinic. Or call the 040 landline 10am-9pm, ask for Dr. Satyanarayana's personal number. Single-doctor owner - walk-in to #175/5 Sanjeeva Reddy Nagar Colony reaches him."
3,6,CSR Diagnostic Services,Saidabad,,040 3392 0704,,,,Yes,low,"Pathology / blood testing lab, full-body checkup packages (~Rs 650-1,650); Door No 16-2-752/34, Near Andhra Bank, SBH Colony, Saidabad (pin 500059). Uses Thyrocare packages for collection.",Small independent path lab; no website = likely register/paper based. Pitch move to LIS with auto report formatting + WhatsApp delivery. VERIFY the phone live when calling.,,,verified,https://www.diagnosticcentres.in/diagnostic-centres/telangana/hyderabad/csr-diagnostic-services.html | https://www.healthcareontime.com/diagnostic-centres/telangana/hyderabad/csr-diagnostic-services/ | https://www.justdial.com/Hyderabad/CSR-Diagnostic-Services-Near-Andhra-Bank-Sbh-Colony-Saidabad/040PXX40-XX40-141008111324-T6Q9_BZDET | https://www.mediyaar.com/pathology-labs/csr-diagnostic-services-saidabad-hyderabad-lab.html | https://www.diagnosticcentres.in/diagnostic-centres/telangana/hyderabad/saidabad,,,,
3,6,Medinova Diagnostic Services,Somajiguda,,040-2331-0066 / 040-3961-6433,,,,No,unverified,"Endoscopy, CT scan, ECG, X-ray, dental OPG, pre-employment health checkup, blood tests",Well-established multi-speciality with endoscopy; pitch patient scheduling + doctor-portal; ask about endoscopy workflow. Borderline (~4 centres) - verify.,,,scrape,https://www.mediyaar.com/hyderabad/labs/medinova-diagnostic-services-somajiguda.html | https://www.practo.com/hyderabad/clinic/medinova-diagnostic-center-somajiguda,,,,
3,5,Raksha Medinostics,Alwal,,040-2796-4567,,,,No,unverified,path lab / blood tests / health checkups,"Single-branch path lab on Alwal Main Road near E-Seva, opposite Teluguthalli Statue; no website.",,,scrape,https://www.mediyaar.com/secunderabad/labs/raksha-medinostics-alwal.html | https://www.sulekha.com/raksha-medinostics-alwal-hyderabad-contact-address,,,,
3,5,Mahathi Diagnostic Centre,Amberpet,,04027550157,,,,No,unverified,"Pathology, blood tests, diagnostic services",Beside Tilaknagar Hospital; clinic-adjacent lab with referral traffic - pitch doctor-referral tracking and billing.,,,scrape,https://www.mediyaar.com/hyderabad/labs/mahathi-diagnostic-centre-tilak-nagar.html | https://www.healthcareontime.com/diagnostic-centres/telangana/hyderabad/mahathi-diagnostic-centre-2/,,,,
3,5,Ashritha Diagnostic Center,Bowenpally,,040-6529-0099,,,,No,unverified,path lab / blood tests,"Single-branch lab in Padmaja Colony, Brig Syed Road, Bowenpally Center Point; no website.",,,scrape,https://www.mediyaar.com/secunderabad/labs.html,,,,
3,5,Kamini Diagnostic Center,Gandhi Nagar / Kavadiguda,,04027532079,,,,No,unverified,"Diagnostic services, pathology","Small independent in Bhagyalaxmi Nagar, Kavadiguda; residential catchment - entry-level LIS with minimal onboarding friction.",,,scrape,https://www.justdial.com/Hyderabad/Kamini-Diagnostic-Center-Near-Devi-Nagar-Colony-Bhagyalaxmi-Nagar-Kavadiguda/040PXX40-XX40-221109213205-R2R3_BZDET | https://www.diagnosticcentres.in/diagnostic-centres/telangana/hyderabad/kamini-diagnostic-center.html,,,,
3,5,Stangen Diagnostic Center,Khairatabad,,040-2323-2499,,,,No,unverified,"Blood tests, full body checkup (92-149 parameters), thyroid, cardiac, vitamin, diabetic panels",Independent single-branch in IMAX Road-Taj Enclave cluster; pitch basic LIS with auto-PDF report dispatch.,,,scrape,https://www.mediyaar.com/hyderabad/labs/stangen-diagnostic-center-khairatabad.html,,,,
3,5,Pragathi Diagnostic Centre,Nampally,,040-2756-1980,,,,No,unverified,"Blood tests, pathology, full body checkups, cardiac, diabetic, thyroid profiles",Standalone independent centre on Tilak Road; pitch digital report dispatch + patient history lookup.,,,scrape,https://www.mediyaar.com/hyderabad/labs/pragathi-diagnostic-centre-nampally.html | https://www.healthcareontime.com/diagnostic-centres/telangana/hyderabad/pragathi-diagnostic-centre/,,,,
3,5,Sneha Diagnostic Centre,Safilguda / Malkajgiri,,040-32562692,,,,No,unverified,"Pathology, diagnostic testing",Single-branch lab near Safilguda Railway Station lane; confirmed landline - direct cold-call for billing+LIS demo.,,,scrape,https://www.diagnosticcentres.in/diagnostic-centres/telangana/hyderabad/sneha-diagnostic-centre.html | https://www.healthcareontime.com/diagnostic-centres/telangana/secunderabad/sneha-diagnostic-centre.html,,,,
3,5,Sri Vijaya Sai Diagnostic Centre,Sainikpuri,Sandhya Nair,,,,,No,unverified,path lab / X-ray,"Single-branch centre; owner Sandhya Nair confirmed on Sulekha; phone masked; opposite HDFC ATM, Saipuri Colony - cold-visit or WhatsApp outreach.",,,scrape,https://www.sulekha.com/sri-vijaya-sai-diagnostic-centre-sainikpuri-hyderabad-contact-address,9392403884,,"Diagnostic centre, Sai Puri Colony opp HDFC ATM, Sainikpuri. Est 2012. 4.0/5 (43 reviews). Mon-Sun 9am-9pm. Sandhya Nair = contact person on Sulekha.","Call 9392403884 (listed with Sandhya Nair as contact on Sulekha/Vasthurengan). Else landline 040-27118599, or alt staff 9642641500 (P. Surender Reddy)."
3,5,Medicare Diagnostic Services,Tolichowki (Raidurg border),,040-2356-4004,,,,No,unverified,"Pathology, blood tests, diagnostic services",Near Raidurg-Tolichowki junction close to IT offices; pitch corporate wellness batching + digital reporting.,,,scrape,https://www.mediyaar.com/hyderabad/labs/toli-chowki-locality.html | https://www.diagnosticcentres.in/diagnostic-centres/telangana/hyderabad/medicare-diagnostic-services.html,,,,
3,4,MiPath Diagnostics (MIPATH DIAGNOSTICS PVT LTD),"2nd Floor, above SBI, SV Arcade S10, Technocrats Industrial Estate, beside Babu Jagjivanram Flyover, Balanagar Main Road, Balanagar 500037",Bharat Kumar Palli (role UNVERIFIED),,,,https://mipathdiagnostics.com,Yes,medium,"Pathology laboratory, described as CLIA-certified & NABL-accredited, 20+ yrs","DUPLICATE of lead #1 - same Balanagar lab; merge before calling. Owner name kept because a LinkedIn profile (bharat-kumar-palli-349a086b) carries the headline 'MIPATH DIAGNOSTICS PVT LTD', but his role as owner/director is NOT confirmed - other sources tie the same person to Medcis Pathlabs / a BD role, so do not assert 'founder' on the call. No phone/email published on the SPA website; all contact fields blank.",,,verified,https://mipathdiagnostics.com/ | https://in.linkedin.com/company/mipath-diagnostics-pvt-ltd | https://www.linkedin.com/in/bharat-kumar-palli-349a086b/,8125150401,,"NABL + CLIA pathology lab, Balanagar Main Road above SBI. 20+ yrs. Bharat Kumar Palli = Grievance Officer on MiPath site (owner in SME labs), confirmed via LinkedIn tied to MIPATH DIAGNOSTICS PVT LTD.",Call 8125150401 directly (Grievance Officer number from mipathdiagnostics.com against his name). Best Mon-Fri 9am-6pm.
3,4,Kadila Healthcare Diagnostics Centre,Chandanagar,,040-2303-8899,,,https://kadiladiagnostics.com,No,unverified,"Pathology lab, diagnostic centre",Two-location Chandanagar independent (HUDA Colony); world-class quality pitch on own site - receptive to compliance reporting + digital audit.,,,scrape,https://www.healthcareontime.com/diagnostic-centres/telangana/hyderabad/kadila-healthcare-diagnostics-centre/ | https://www.joonsquare.com/diagnostic-centre/kadila-healthcare-diagnostics-centre-hyderabad,,,,
3,4,Dr Nandan Singh Diagnostic Centre,Chandrayangutta,,,,,,Yes,medium,"Pathology / blood tests, full-body checkup packages; #18-9-28/A, opp Omar Gulshan Function Hall, Dastagirnagar, Kummar Basthi, Chandrayangutta (pin 500005). Uses Thyrocare for home sample collection.","Real, operating lab; no direct number published anywhere (aggregators show only booking/lead-gen lines) - trace via local reference or visit in person. Independent (not a corporate chain).",,,verified,https://www.healthcareontime.com/diagnostic-centres/telangana/hyderabad/dr-nandan-singh-diagnostic-centre/ | https://www.mediyaar.com/hyderabad/labs/dr-nandan-singh-v-diagnostic-centre-chandrayan-gutta.html | https://www.justdial.com/Hyderabad/Dr-Nandan-Singh-V-Diagnostic-Centre-Opposite-Omar-Gulshan-Function-Hall-Chandrayan-Gutta/040P1230620581R3M2P6_BZDET,,,,
3,4,Shri Sneha Diagnostic Centre,Chikkadpally / Narayanaguda (Kaman Road),,,,,,Yes,medium,"Polyclinic + lab: cardiology, diabetology, orthopaedics, general medicine, pathology/blood tests, home visits; in-house orthopaedic clinic (est. ~1994)","Confirmed to exist at 1-8-499/6, opp Varada Mess, Venkateshwara Swamy Temple Lane, Chikkadpally/Narayanaguda (500020) - listed on Justdial, Practo, Skedoc, Mappls (houses Dr Srivantha's Orthopaedic Clinic). Independent legacy lab-plus-polyclinic, ~30 yrs old. NO VERIFIED DIRECT PHONE: Skedoc shows a booking proxy (040 61 62 63 64) and a scraped mobile +918106792903 that could not be tied to the centre - left blank; confirm on Justdial/in person before calling. Good legacy-lab modernization lead.",,,verified,https://www.justdial.com/Hyderabad/Shri-Sneha-Diagnostic-Centre-Opposite-Varadha-Mess-Chikkadpally/040PXX40-XX40-100430175439-P6K5_BZDET | https://www.skedoc.com/hyderabad/hospital/shri-sneha-diagnostic-centre-chikkadpally | https://www.mappls.com/j4d173,,,,
3,4,Agape Medical Diagnostics,"Kompally (Flat 641, Jayabheri Park Rd, opp. Sidhi Sai Apartment, Srinivas Colony, 500100)",,,,,,Yes,medium,"Diagnostics / blood tests (clinic-based, hours Mon-Sun 11:00-17:00)","Exists - small independent diagnostics clinic listed on Practo at Jayabheri Park Rd, Srinivas Colony, Kompally, limited hours 11am-5pm. Direct number is hidden behind Practo's proxy so CONTACT UNVERIFIED; reach via the Practo listing or walk-in. No website found - likely no software; low-cost reporting/billing tool is the right pitch, but confirm it is a running lab (not dormant) given the very short daily hours.",,,verified,https://www.practo.com/hyderabad/clinic/agape-medical-diagnostics-kompally,,,,
3,4,Rims Diagnostics,"Miyapur (Ground Floor, SVH Plaza, opp SBI, beside Sri Shankara Nethralaya, Main Road, 500049)",,,,,,Yes,medium,Diagnostics / pathology lab,"CONFIRMED existing at the stated main-road spot on two directories (Justdial + Mediyaar); address matches exactly (SVH Plaza, opp SBI, beside Sri Shankara Nethralaya, 500049, 3.9-star). Independent standalone (NOT the RIMS govt medical college, not a chain). No public phone/email/website anywhere -> classic walk-in/phone-only, software-light lab; get the number via Justdial or walk-in before pitching. Prime location = decent footfall.",,,verified,https://www.justdial.com/Hyderabad/Rims-Diagnostics-Opposite-State-Bank-Of-India-Beside-Shankara-Nethrayala-Miyapur/040PXX40-XX40-120307145213-Q4F4_BZDET | https://www.mediyaar.com/hyderabad/labs/miyapur-locality.html,,,,
3,4,Aswini Diagnostics,"Miyapur (Rishi Residency, Old PS Road, beside Body Line Gym)",,,,,,Yes,medium,Diagnostic centre / pathology (established 2009),"Existence solid: listed on JustDial (Shop No 5, H No 1-147, Rishi Residency, beside Body Line Gym, Old PS Road, Miyapur 500049; est. 2009; 4.0/5, 38 reviews), HealthcareOnTime and Sulekha. No phone published on any source (JustDial masks it), so left blank - pull the live number from JustDial before calling. Watch for a near-duplicate 'Aswini Clinic And Diagnostics' at a different Old PS Road door number; the lead matches the Body Line Gym / Rishi Residency one. Legacy 2009 lab = likely manual/legacy systems ripe for migration.",,,verified,https://www.justdial.com/Hyderabad/Aswini-Diagnostics-Beside-Body-Line-Gym-Miyapur/040PXX40-XX40-111212181515-F1S2_BZDET | https://www.healthcareontime.com/diagnostic-centres/telangana/hyderabad/aswini-diagnostics-2/,,,,
3,4,Uday Diagnostic Services,Sanathnagar,Pushpa (contact per Sulekha),,,,,No,unverified,"Diagnostic services, blood tests, home collection",Lab in Aditya Nagar near Erragadda ESI Hospital - high footfall; pitch outpatient billing + referral-lab tracking. Phone masked.,,,scrape,https://www.sulekha.com/uday-diagnostic-services-sanath-nagar-hyderabad-contact-address | https://www.justdial.com/Hyderabad/Uday-Diagnostic-Services-Beside-Park-Aditya-Nagar-Sanath-Nagar/040PXX40-XX40-151009143615-A2B9_BZDET,,,"Diagnostic centre, Aditya Nagar near Erragadda ESI Hospital. Est 2015. Daily 9am-6pm cash only. Blood tests, ECG, endoscopy, HIV, KFT. Pushpa = contact person on Sulekha; no phone public.",Justdial JD Connect bridge to connect. Check Google Maps/GMB (owners often publish a number not mirrored elsewhere). Or ask neighbouring businesses at Aditya Nagar for Pushpa at Uday Diagnostic (Door 7-1-304/6/15).
3,3,Vijaya Sai Diagnostic Centre,Ghatkesar,Chandu,,,,,No,unverified,Diagnostic testing,Independent daily-hours centre near Ghatkesar water tank; contact person Chandu per Sulekha - find phone via Sulekha Show Number or walk-in.,,,scrape,https://www.sulekha.com/vijaya-sai-diagnostic-centre-ghatkesar-hyderabad-contact-address,,,"Independent, Plot 1-98/2 Near Water Tank, Ghatkesar. Daily 06:30-22:00. Owner 'Chandu' per Sulekha. Masked number 90*******6.","Log into Sulekha, click Call Now to reveal 90xxxxxxx6. Check Google Maps/GBP 'Vijaya Sai Diagnostic Centre Ghatkesar' (often unmasked). Truecaller-search business name. WARNING: 9000016526 in a snippet is a different Boduppal branch - unverified."
3,3,Manasa Diagnostics Centre,"Jeedimetla / Suchitra (Qutbullapur Main Rd, Green Park, near Swaroopa Hospital, 500010)",,,,,,Yes,low,"Pathology / blood tests, health-checkup packages","Exists as an independent lab at the Suchitra-Jeedimetla junction (specific address near Swaroopa Hospital on JustDial/healthcareontime; corroborated by the adjacent 'Manasa Medical General Store, near Suchitra Circle'). CONTACT UNVERIFIED: healthcareontime shows phone 09220145540 / WhatsApp 9820693367, but these are a Mumbai-series aggregator call-centre line wrapped in generic at-home-testing copy, NOT the lab's own number - blanked. Verify the real number via the JustDial listing or on-site before calling. Almost certainly a phone-only lab with no software (good greenfield prospect once contact is confirmed).",,,verified,https://www.justdial.com/Hyderabad/Manasa-Diagnostics-Center-Jeedimetla/040PXX40-XX40-171126002938-I8F8_BZDET | https://www.healthcareontime.com/diagnostic-centres/telangana/hyderabad/manasa-diagnostics-centre.html | https://www.sulekha.com/diagnostic-centers/jeedimetla-hyderabad,,,,
3,3,Sono Scan Ultra Sound Diagnostic Centre,"Kachiguda (3-4-802, G-2, Maha Niketan Apartments), 500027",,,,,,Yes,low,Ultrasound / sonography scan centre (USG-only).,"Centre exists - address (3-4-802, G-2, Maha Niketan Apts, Kachiguda 500027) is consistent across mediyaar, Sulekha and idbf.in. Phone number is MASKED on every source (shows as 27*****8) and could not be verified anywhere, so left blank per no-invent rule - get the number from JustDial/walk-in. USG-only, strong fit for scan-report software, but treat as a cold lead until the number is confirmed.",,,verified,https://www.mediyaar.com/hyderabad/labs/sono-scan-ultra-sound-diagnostic-centre-kachiguda.html | https://www.sulekha.com/sono-scan-ultra-sound-diagnostic-centre-kachiguda-hyderabad-contact-address | https://hyderabad.idbf.in/863025/sono-scan-centre,,,,
3,3,Health Diagnostics,"Municipal Road, Moosapet Main Road, near Lakshmi Narasimha Temple, Moosapet 500018",,,,,,Yes,medium,"Diagnostic centre (Justdial listing rated ~4.8/5, ~15 ratings)","Sits in the target Moosapet/Bharat Nagar 500018 pocket. Only evidence is a single Justdial listing with reviews - plausibly real but generic name and no other web footprint. No website, contact gated behind Justdial callback; phone left blank rather than guessed. Good software-gap pitch (no website, phone-only) IF it qualifies on a callback.",,,verified,https://www.justdial.com/Hyderabad/Health-Diagnostics-Near-LaxmiNarshima-Temple-Moosapet-Moosapet/040PXX40-XX40-180718174643-Z6Z9_BZDET,,,,
3,3,Sri Padmavati Diagnostic Centre,Peerzadiguda (Medipally),Venkateshwar Reddy,,,,,Yes,low,"Diagnostic centre; open Mon-Sun 6:30am-10pm, cash accepted; No. 1/90/1, Om Vihar Colony, Maruthi Nagar, Medipally, Opp Laxmi Wines Store, Peerzadiguda, 500098","Only one weak source (Sulekha) and the phone is masked (99*******4), so left blank - do NOT guess. Owner/contact listed as Venkateshwar Reddy. Independent single centre. Get the number via JustDial 'show number' or a call to the address before outreach. Note: distinct from the 'Sri Padmavathi Diagnostic Centre' in Kukatpally.",,,verified,https://www.sulekha.com/sri-padmavati-diagnostic-centre-peerzadiguda-hyderabad-contact-address,,,"Independent, Om Vihar Colony, Maruthi Nagar, Medipally, Peerzadiguda (opp Laxmi Wines). Owner Venkateshwar Reddy per Sulekha. Masked number 99*******4.","Log into Sulekha, Call Now to reveal 99xxxxxxx4 (likely owner mobile, sole proprietor). Search Google Maps/GBP. Or ask neighbouring Laxmi Wines Store for referral to Venkateshwar Reddy."
3,3,Precision Path Labs,"Pragathi Nagar - Bachupally (opp. NAN Convention Hall, Aleap Road)",,,,,,Yes,low,"Pathology lab tests (JustDial service catalog). Address: Shop No 4, Armani Avenue, opp. NAN Convention Hall, Aleap Road, Pragathi Nagar-Bachupally 500090. Newer listing (created May 2025), 5.0 rating on small review count.","Newer (2025) independent Pragathi Nagar lab, no legacy software - strong greenfield early-adopter target. Phone is masked by JustDial and not published on the Facebook page; pull the live number from JustDial/FB before calling. WARNING: precisionpathlab.com is a DIFFERENT, unrelated lab in Jaipur, Rajasthan - do NOT associate that website or its numbers (+91-141-2786337 etc.) with this Hyderabad centre.",,,verified,https://www.justdial.com/Hyderabad/Precision-Path-Labs-Opposite-NAN-Convention-Hall-Pragathi-Nagar-Bachupally/040PXX40-XX40-250503171528-V4R3_BZDET | https://www.facebook.com/61579876090686/,,,,
3,3,Standard Diagnostics,"Ramalayam Road, Kukatpally",,,,,,Yes,medium,"Neighbourhood pathology / blood-test lab; open until ~9pm, wheelchair accessible. Address confirmed as 1/100 Ramalayam Road, near Sri Bramaramba Kirana & General Stores, Kukatpally 500072.","Small independent Kukatpally lab, no website - good low-cost-billing + WhatsApp-report target. CONTACT UNVERIFIED: the listed '040 6527 4160' is a mediyaar.com proxy number (same number is reused for DBR Diagnostics Dilsukhnagar and Vijaya Madhapur), so it is NOT the real line - blanked. Sulekha shows the real contact is a mobile masked as 95******7; pull the full number from JustDial/Sulekha before calling.",,,verified,https://www.mediyaar.com/hyderabad/labs/standard-diagnostics-kukatpally.html | https://www.healthcareontime.com/diagnostic-centres/telangana/hyderabad/standard-diagnostics/ | https://www.sulekha.com/standard-diagnostics-kukatpally-hyderabad-contact-address | https://www.diagnosticcentres.in/diagnostic-centres/telangana/hyderabad/kukatpally/,,,,
3,3,People's Diagnostic Centre,Sanathnagar,Lakshmi Narayan (contact per Sulekha),,,,https://peoplesarena.in,No,unverified,"ISO 9001:2015 pathology - biochemistry, hematology, microbiology, immunoassay, histopathology, ECG, home collection","ISO-certified lab running since 1986; strong compliance angle - pitch LIS upgrade, audit-ready reporting, digital records. Phone masked on Sulekha.",,,scrape,https://www.sulekha.com/people-s-diagnostic-centre-sanath-nagar-hyderabad-contact-address | https://www.healthcareontime.com/diagnostic-centres/telangana/hyderabad/peoples-diagnostic-centre/,,,"Independent, Swamy Talkies Road, Sanath Nagar. Mon-Sun 07:00-21:30. Lakshmi Narayan = owner per Sulekha. ISO-certified (est 1986 per earlier data).","Justdial reveal-number routes to owner's actual mobile, then ask for Lakshmi Narayan. Google Maps/GBP 'People's Diagnostic Centre Sanath Nagar' often lists direct mobile. WARNING: 09220145540 / 9820693367 on HealthcareOnTime are aggregator routing, NOT owner."
3,3,Jyothi Scanning Centre,"Srinivas Nagar, Kompally (near Pearson School, Jayabheri Colony)",,,,,,Yes,medium,Standalone ultrasound / scanning centre,"Existence confirmed only via a Practo listing (name + Srinivas Nagar-Kompally locality + hours 11:00-17:00 daily); no website, no other web footprint, no published contact. Genuine independent single-modality scan centre. Pitch sonography report templating + lite image storage; get the direct number on-site or via Practo before calling.",,,verified,https://www.practo.com/hyderabad/hospital/jyothi-scanning-centre-srinivas-nagar-kompally,,,,
3,2,MiPath Diagnostics,"2nd Floor, above SBI, SV Arcade S-10, Technocrats Industrial Estate, beside Babu Jagjivanram flyover, Balanagar Main Road, Balanagar 500037",Bharat Kumar Palli,,,,https://mipathdiagnostics.com,Yes,medium,Pathology laboratory; described as NABL-accredited and CLIA-certified with 20+ yrs expertise,"Real Balanagar path lab; address confirmed via multiple directories. Website is a single-page/SPA site showing only name + tagline, NO phone/email/WhatsApp published anywhere I could find, so all contact fields left blank (not invented). DUPLICATE of lead #4 (same business, MIPATH DIAGNOSTICS PVT LTD) - dedupe before calling. Reach only via on-site visit or LinkedIn.",,,verified,https://mipathdiagnostics.com/ | https://www.linkedin.com/in/bharat-kumar-palli-349a086b/,,,,
3,2,Sanjeevani Diagnostic Center,"LB Nagar (3-6-13, Suvidha Arcade, LB Nagar Road, opp. Hanuman Temple, RTC Colony, 500074)",,,,,,Yes,low,Independent pathology diagnostic centre; thyroid/diabetes/vitamin panels and health packages,"Real independent LB Nagar lab - address 3-6-13 Suvidha Arcade, LB Nagar Rd, opp Hanuman Temple, RTC Colony 500074 confirmed on Mappls geotag, Practo and diagnosticcentres.in. Phone left blank on purpose: sources conflict. diagnosticcentres.in lists '040 3951 1470 / 9705603243' (candidates to verify via Practo or walk-in before dialing), while healthcareontime shows 09220145540 which is a known placeholder (same number reused on Karthik) so it is junk. No website.",,,verified,https://www.diagnosticcentres.in/diagnostic-centres/telangana/hyderabad/sanjeevani-diagnostic-center.html | https://www.practo.com/hyderabad/clinic/sanjeevani-diagnostic-centre-lb-nagar | https://www.mappls.com/place-sanjeevani+diagnostic+centre-3-6-13-suvidha+arcade-lb+nagar+road-opposite+hanuman+temple-rtc+colony-lb+nagar-hyderabad-telangana-500074-IM7IK2 | https://www.healthcareontime.com/diagnostic-centres/telangana/hyderabad/sanjeevani-diagnostic-center.html,,,,
3,2,Avenue Diagnostics,"Shop No 6-103, Raju Colony Road, opp lane of Kanakadurgamma Temple, Bala Nagar 500037",,,,,,Yes,medium,Diagnostics & poly clinic (listed as 'Avenue Diagnostic & Poly Clinic'),"Small independent diagnostics + polyclinic at Raju Colony Rd, opp Kanakadurgamma Temple lane - confirmed by Justdial and a Medindia directory listing. Est-2016 claim comes from the listing and is unverified. No website; phone not obtainable from open sources, left blank (grab off Justdial callback). Entry-level LIS + billing/reporting pitch. Do NOT confuse with 'Avenue Clinics & Diagnostics' in KPHB/Kukatpally, which is a different business.",,,verified,https://www.justdial.com/Hyderabad/Avenue-Diagnostics-Opp-Lane-Of-Kanakadurgamma-Temple-Bala-Nagar/040PXX40-XX40-160726111254-X1H3_BZDET | https://www.medindia.net/directories/hospitals/avenue-diagnostic-poly-clinic-hyderabad-telangana-56614.htm,,,,
3,1,Madhuri Diagnostic Centre,"Anandbagh X Roads, RK Nagar, Malkajgiri",,,,,,No,unverified,,"Busy junction location; small centre that typically outsources CT/MRI and speciality panels, good outreach target for outsourced-test flow.",,,suggested,,,,,
3,1,Maa Diagnostics,"Geetha Nagar, Malkajgiri",,,,,,No,unverified,,Neighbourhood scan-and-blood lab near Raghavendra Theatre; independent operator with no in-house chain backend to send send-outs to.,,,suggested,,,,,
3,1,Health Diagnostics,Moosapet,,,,,,No,unverified,"Diagnostic services (JustDial 4.8/5, est 2010)",Highly-rated independent on Moosapet Municipal Road near Lakshmi Narshima Temple; pitch billing + digital report module. Get phone via JustDial.,,,scrape,https://www.justdial.com/Hyderabad/Health-Diagnostics-Near-LaxmiNarshima-Temple-Moosapet-Moosapet/040PXX40-XX40-180718174643-Z6Z9_BZDET,,,,
3,1,Pulse Diagnostic Center,Neredmet,,,,,,No,unverified,Diagnostic testing,"JustDial-verified centre near Old Safilguda/Neredmet, 4.8-star - active ops; get phone via JustDial Show Number or walk-in.",,,scrape,https://www.justdial.com/Hyderabad/Pulse-Diagnostic-Center-Near-Darga-Sudha-Nagar-Colony-Old-Safilguda-Vinayak-Nagar-neredmet/040PXX40-XX40-191101210539-Y2F4_BZDET,,,,
3,1,Durga Bhavani Clinic & Eshwar Diagnostic Centre,Quthbullapur (Jeedimetla Village),,,,,,Yes,low,Combined clinic + diagnostic centre (consultation + lab/diagnostics),"Clinic-plus-diagnostics combo in Quthbullapur/Jeedimetla village - fits a combined OP + Diagnostics offering. Only a single JustDial listing exists and it could not be independently corroborated; verify it is still operating and confirm the number before calling. Do NOT confuse with the separate 'Bhavani Diagnostic Centre near Govt Veterinary Hospital, Kutbullapur' (a different business).",,,verified,https://www.justdial.com/Hyderabad/Durga-Bhavani-Clinic-Eshwar-Diagnostic-Centre-Quthbullapur-Jeedimetla-Village/040PXX40-XX40-120622171647-L5L5_BZDET,,,,
3,1,K K Nuclear Scans,"Raj Bhavan Road, Somajiguda",,,,,,No,unverified,,"Niche nuclear/thyroid scan centre; such specialised single-modality labs both refer out and receive referrals, a two-way partnership angle.",,,suggested,,,,,
3,1,Dhanush Diagnostics,"Srinagar Colony, Dilsukhnagar",,,,,,No,unverified,,Neighbourhood lab in a residential pocket; independent operator likely outsourcing histopathology and advanced panels.,,,suggested,,,,,
3,1,SS Diagnostics,Trimulgherry,,,,,https://www.facebook.com/ssdiagnosticofficial/,No,unverified,path lab / diagnostic centre,"Single-branch lab beside PNB, Lal Bazar, Trimulgherry; Sulekha phone masked; no website - visit or call-to-get-number.",,,scrape,https://www.sulekha.com/ss-diagnostics-trimulgherry-hyderabad-contact-address | https://www.justdial.com/Hyderabad/S-S-Diagnostic-Centre-Below-Dhanwanthari-Medical-Hall-As-Rao-Nagar/040PXX40-XX40-130628124932-A3G1_BZDET | https://www.diagnosticcentres.in/diagnostic-centres/telangana/hyderabad/ss-diagnostic-centre.html,,,,
3,0,Sri Kiran Diagnostic Laboratory,"Hasmathpet / Old Bowenpally, Secunderabad",,,,,,No,unverified,,On Old Bowenpally Cross Rd near Dubai Gate; complements the Bowenpally cluster you already target for outsourced tests.,,,suggested,,,,,
3,0,Sriven Diagnostic Center,"North Lalaguda / Shanthi Nagar, Malkajgiri",,,,,,No,unverified,,"Small standalone centre on N Lalaguda Rd near your existing Lallaguda contacts; likely outsources specialised assays, a natural referral partner.",,,suggested,,,,,
3,0,Sri Mamatha Diagnostic Center,"P&T Colony, Dilsukhnagar",,,,,,No,unverified,,Colony-level centre serving the dense Dilsukhnagar residential grid; small enough to want an outsourced-test and imaging partner.,,,suggested,,,,,
3,0,Staar Diagnostic Services,"Shanker Nagar / 6 No. Junction, Amberpet",,,,,,No,unverified,,"Standalone lab at the busy 6-Number junction; independent, likely sends out histopath and speciality tests.",,,suggested,,,,,
3,-1,S K Diagnostics,"Kamala Nagar, Dilsukhnagar",,,,,,No,unverified,,Small colony lab off the main Dilsukhnagar drag you haven't captured despite listing many Dilsukhnagar centres.,,,suggested,,,,,
3,-1,Metro Diagnostic Centre (Pvt Ltd),"Nagole Road, Dilsukhnagar",,,,,,No,unverified,,"Standalone centre on the Nagole arterial road; independent, sits between your Nagole and Dilsukhnagar contacts and fills that gap.",,,suggested,,,,,
3,-1,Gandhi Diagnostic Centre,Nallakunta / Vidyanagar,,,,,,No,unverified,,Established Shankar Mutt Rd lab in the Osmania/Vidyanagar student-and-clinic belt you don't cover at all.,,,suggested,,,,,
3,-1,SL Diagnostics,Nallakunta / Vidyanagar,,,,,,No,unverified,,"Willsoon Plaza centre near Shankar Mutt; small operator in a diagnostics-dense street, easy warm referral relationship.",,,suggested,,,,,
3,-1,Avinash Diagnostic Centre,New Nallakunta / Barkatpura edge,,,,,,No,unverified,,Independent lab beside JD Electronics; central old-city catchment with heavy physician-referral volume and no chain affiliation.,,,suggested,,,,,
3,-1,Snehita's Diagnostic Center,"RK Nagar / Anand Bagh, Malkajgiri",,,,,,No,unverified,,Residential-colony lab; the RK Nagar/Anandbagh cluster is unrepresented in your list and feeds a large walk-in population.,,,suggested,,,,,
3,-1,Rampally Alroyce Diagnostic Centre,"Rampally, Keesara (Secunderabad outskirts)",,,,,,No,unverified,,"Semi-urban Keesara-mandal lab with almost no chain competition nearby, so a reference-lab partner is genuinely valuable to them.",,,suggested,,,,,
3,-1,Leads Diagnostic,Somajiguda Main Road,,,,,,No,unverified,,"Independent clinical lab in the hospital-heavy Somajiguda stretch; good volume, no captive chain backend.",,,suggested,,,,,
3,-1,New Life Diagnostic Services,"West Venkatapuram, Alwal / Bolarum",,,,,,No,unverified,,Bolarum/West Venkatapuram is an Alwal-adjacent gap; independent centre serving the cantonment fringe with limited large-lab presence.,,,suggested,,,,,
